-- phpMyAdmin SQL Dump
-- version 4.0.10deb1
-- http://www.phpmyadmin.net
--
-- Host: localhost
-- Generation Time: Aug 20, 2015 at 05:06 PM
-- Server version: 5.5.38-0ubuntu0.14.04.1
-- PHP Version: 5.5.9-1ubuntu4.3

SET SQL_MODE = "NO_AUTO_VALUE_ON_ZERO";
SET time_zone = "+00:00";


/*!40101 SET @OLD_CHARACTER_SET_CLIENT=@@CHARACTER_SET_CLIENT */;
/*!40101 SET @OLD_CHARACTER_SET_RESULTS=@@CHARACTER_SET_RESULTS */;
/*!40101 SET @OLD_COLLATION_CONNECTION=@@COLLATION_CONNECTION */;
/*!40101 SET NAMES utf8 */;

--
-- Database: `bz_timestamp`
--

-- --------------------------------------------------------

--
-- Table structure for table `t_admin_user`
--

CREATE TABLE IF NOT EXISTS `t_admin_user` (
  `admin_user_id` varchar(20) NOT NULL,
  `uid` varchar(20) NOT NULL,
  `role_key` int(1) NOT NULL,
  `create_uid` varchar(10) NOT NULL,
  `create_date` datetime NOT NULL,
  `update_uid` varchar(10) NOT NULL,
  `update_date` datetime NOT NULL,
  PRIMARY KEY (`admin_user_id`)
) ENGINE=InnoDB DEFAULT CHARSET=utf8;

--
-- Dumping data for table `t_admin_user`
--

INSERT INTO `t_admin_user` (`admin_user_id`, `uid`, `role_key`, `create_uid`, `create_date`, `update_uid`, `update_date`) VALUES
('55d4007e5c386', '00001', 1, '00072', '2015-08-19 11:05:18', '', '0000-00-00 00:00:00'),
('55d4008917b7a', '00006', 1, '00072', '2015-08-19 11:05:29', '', '0000-00-00 00:00:00'),
('55d4009d7c719', '00003', 1, '00072', '2015-08-19 11:05:49', '', '0000-00-00 00:00:00'),
('55d400ac12553', '00133', 2, '00072', '2015-08-19 11:06:04', '', '0000-00-00 00:00:00'),
('55d400b511d37', '00072', 1, '00072', '2015-08-19 11:06:13', '00072', '2015-08-19 13:07:55'),
('55d400bf4bf10', '00074', 1, '00072', '2015-08-19 11:06:23', '', '0000-00-00 00:00:00'),
('55d43390bdb42', '00157', 1, '00072', '2015-08-19 14:43:12', '', '0000-00-00 00:00:00'),
('55d433ac60d48', '00101', 1, '00072', '2015-08-19 14:43:40', '', '0000-00-00 00:00:00'),
('55d436a825863', '00018', 3, '00072', '2015-08-19 14:56:24', '', '0000-00-00 00:00:00'),
('55d436b24b255', '00012', 4, '00072', '2015-08-19 14:56:34', '', '0000-00-00 00:00:00'),
('55d541856445f', '00023', 1, '00072', '2015-08-20 09:55:01', '', '0000-00-00 00:00:00');

-- --------------------------------------------------------

--
-- Table structure for table `t_before_time`
--

CREATE TABLE IF NOT EXISTS `t_before_time` (
  `before_id` varchar(20) CHARACTER SET utf8 NOT NULL,
  `stamp_id` varchar(20) CHARACTER SET utf8 NOT NULL,
  `stamp_uid` varchar(20) NOT NULL,
  `stamp_date` date NOT NULL,
  `stamp_shift` varchar(20) CHARACTER SET utf8 NOT NULL,
  `before_time` varchar(5) CHARACTER SET utf8 NOT NULL,
  `is_delete` tinyint(1) NOT NULL,
  PRIMARY KEY (`before_id`)
) ENGINE=InnoDB DEFAULT CHARSET=utf32;

-- --------------------------------------------------------

--
-- Table structure for table `t_calendar`
--

CREATE TABLE IF NOT EXISTS `t_calendar` (
  `calendar_id` varchar(20) NOT NULL,
  `work_shift_id` varchar(20) NOT NULL,
  `uid` varchar(20) NOT NULL,
  `calendar_date_start` date NOT NULL,
  `calendar_date_end` date NOT NULL,
  `calendar_bg_color` varchar(50) NOT NULL,
  `calendar_border_color` varchar(50) NOT NULL,
  `team` varchar(5) NOT NULL,
  `create_uid` varchar(10) NOT NULL,
  `create_date` datetime NOT NULL,
  `update_uid` varchar(10) NOT NULL,
  `update_date` datetime NOT NULL,
  PRIMARY KEY (`calendar_id`)
) ENGINE=InnoDB DEFAULT CHARSET=utf8;

--
-- Dumping data for table `t_calendar`
--

INSERT INTO `t_calendar` (`calendar_id`, `work_shift_id`, `uid`, `calendar_date_start`, `calendar_date_end`, `calendar_bg_color`, `calendar_border_color`, `team`, `create_uid`, `create_date`, `update_uid`, `update_date`) VALUES
('55d2b91d54eba', '55c871499df11', '00082', '2015-08-10', '2015-08-15', 'rgb(0, 115, 183)', 'rgb(255, 255, 255)', 'FP', '00072', '2015-08-18 11:48:29', '00072', '2015-08-19 15:38:47'),
('55d2b91f8b75d', '55c871499df11', '00121', '2015-08-10', '2015-08-15', 'rgb(0, 115, 183)', 'rgb(255, 255, 255)', 'FP', '00072', '2015-08-18 11:48:31', '00072', '2015-08-18 11:48:36');

-- --------------------------------------------------------

--
-- Table structure for table `t_employee_time`
--

CREATE TABLE IF NOT EXISTS `t_employee_time` (
  `id` varchar(20) NOT NULL,
  `uid` varchar(20) NOT NULL,
  `work_shift_id` varchar(20) NOT NULL,
  `is_operator` tinyint(1) NOT NULL COMMENT 'o=false,1=true',
  `create_user` varchar(20) NOT NULL,
  `create_date` datetime NOT NULL,
  PRIMARY KEY (`id`)
) ENGINE=InnoDB DEFAULT CHARSET=utf8;

--
-- Dumping data for table `t_employee_time`
--

INSERT INTO `t_employee_time` (`id`, `uid`, `work_shift_id`, `is_operator`, `create_user`, `create_date`) VALUES
('54eef3c6816cc', '00001', '55c483de2c235', 0, '00072', '2015-02-26 17:21:58'),
('54efd1a2876a5', '00002', '55c483de2c235', 0, '00072', '2015-02-27 09:08:34'),
('54efd1a876487', '00017', '55c483de2c235', 1, '00072', '2015-02-27 09:08:40'),
('54efd3ca5f926', '00018', '55bf108f52d8a', 1, '00072', '2015-02-27 09:17:46'),
('54efd4135c450', '00072', '55bf108f52d8a', 1, '00072', '2015-02-27 09:18:59'),
('54efd8e8a74b8', '00019', '55bf1082af74b', 1, '00072', '2015-02-27 09:39:36'),
('54efd93fde5d8', '00006', '55c483de2c235', 0, '00072', '2015-02-27 09:41:03'),
('54efd95030466', '00007', '55bf108f52d8a', 0, '00072', '2015-02-27 09:41:20'),
('54efd96da784f', '00120', '55bf1082af74b', 1, '00072', '2015-02-27 09:41:49'),
('54efd97047350', '00122', '55bf1082af74b', 1, '00072', '2015-02-27 09:41:52'),
('54efd9a720454', '00115', '', 0, '00072', '2015-02-27 09:42:47'),
('54efd9af396b6', '00103', '55bf1082af74b', 1, '00072', '2015-02-27 09:42:55'),
('54efd9b6b0988', '00048', '', 0, '00072', '2015-02-27 09:43:02'),
('54efd9c0c43be', '00099', '', 0, '00072', '2015-02-27 09:43:12'),
('54efd9ca68a97', '00105', '', 0, '00072', '2015-02-27 09:43:22'),
('54efd9d952df5', '00111', '', 0, '00072', '2015-02-27 09:43:37'),
('54efd9e3495cc', '00114', '', 0, '00072', '2015-02-27 09:43:47'),
('54efd9ed04d30', '00126', '', 0, '00072', '2015-02-27 09:43:57'),
('54efd9f410a07', '00024', '55bf108f52d8a', 1, '00072', '2015-02-27 09:44:04'),
('54efda0100193', '00132', '55bf1082af74b', 1, '00072', '2015-02-27 09:44:16'),
('54efda0a10d45', '00135', '55bf1082af74b', 1, '00072', '2015-02-27 09:44:26'),
('54efda248db29', '00134', '', 0, '00072', '2015-02-27 09:44:52'),
('54efda478befc', '00104', '55bf1082af74b', 1, '00072', '2015-02-27 09:45:27'),
('54efda52553d3', '00123', '55bf1082af74b', 1, '00072', '2015-02-27 09:45:38'),
('54efda69ef9ce', '00093', '', 0, '00072', '2015-02-27 09:46:01'),
('54efda768df6c', '00067', '55bf1082af74b', 1, '00072', '2015-02-27 09:46:14'),
('54efda78dc113', '00133', '55bf108f52d8a', 1, '00072', '2015-02-27 09:46:16'),
('54efda8347a22', '00039', '', 0, '00072', '2015-02-27 09:46:27'),
('54efda8fe5ecb', '00038', '', 0, '00072', '2015-02-27 09:46:39'),
('54efdaab72935', '00094', '', 0, '00072', '2015-02-27 09:47:07'),
('54efdab52c720', '00012', '55bf1082af74b', 1, '00072', '2015-02-27 09:47:17'),
('54efdac063250', '00127', '', 0, '00072', '2015-02-27 09:47:28'),
('54efdac5bcfea', '00118', '', 0, '00072', '2015-02-27 09:47:33'),
('54efdaccd83bb', '00021', '55bf1082af74b', 1, '00072', '2015-02-27 09:47:40'),
('54efdad90f62e', '00097', '', 0, '00072', '2015-02-27 09:47:53'),
('54efdaea8c38e', '00015', '', 0, '00072', '2015-02-27 09:48:10'),
('54efdaeb7e760', '00051', '55bf1082af74b', 1, '00072', '2015-02-27 09:48:11'),
('54efdafe63523', '00081', '55bf1082af74b', 1, '00072', '2015-02-27 09:48:30'),
('54efdb0417093', '00042', '', 0, '00072', '2015-02-27 09:48:36'),
('54efdb0ae9e56', '00117', '', 0, '00072', '2015-02-27 09:48:42'),
('54efdb1380875', '00046', '', 0, '00072', '2015-02-27 09:48:51'),
('54efdb2621cf6', '00074', '55c483de2c235', 1, '00072', '2015-02-27 09:49:10'),
('54f011f03d464', '00101', '55bf108f52d8a', 1, '00072', '2015-02-27 13:42:56'),
('54f80122ef4f8', '00055', '', 0, '00072', '2015-03-05 14:09:22'),
('54febad221b23', '00034', '', 0, '00072', '2015-03-10 16:35:14'),
('54febaefea8fd', '00023', '55bf108f52d8a', 1, '00072', '2015-03-10 16:35:43'),
('5511131be70da', '00141', '', 0, '00072', '2015-03-24 14:32:43'),
('551bae5178aa5', '00142', '', 0, '00034', '2015-04-01 15:37:37'),
('551bae54825d2', '00143', '', 0, '00034', '2015-04-01 15:37:40'),
('551bae5557c6d', '00144', '', 0, '00034', '2015-04-01 15:37:41'),
('551bae56c749d', '00145', '', 0, '00034', '2015-04-01 15:37:42'),
('551bae578a561', '00146', '', 0, '00034', '2015-04-01 15:37:43'),
('551bae584c257', '00147', '', 0, '00034', '2015-04-01 15:37:44'),
('552dc576e6ea2', '00148', '', 0, '00034', '2015-04-15 08:57:10'),
('5559ac2d4b393', '00150', '55bf1082af74b', 0, '00072', '2015-05-18 16:09:01'),
('555aa3a38c706', '00151', '', 0, '00034', '2015-05-19 09:44:51'),
('5588e31d4e222', '00138', '55bf108f52d8a', 1, '00072', '2015-06-23 11:39:57'),
('55b89837a0d7c', '00155', '55bf1082af74b', 1, '00072', '2015-07-29 16:09:11'),
('55b8984459e9f', '00154', '55bf1082af74b', 1, '00072', '2015-07-29 16:09:24'),
('55b8984da43ef', '00156', '55bf1082af74b', 1, '00072', '2015-07-29 16:09:33'),
('55c2d04d975a6', '00003', '55c483de2c235', 0, '', '2015-08-06 10:11:09'),
('55c2d05431d1c', '00005', '55bf108f52d8a', 0, '', '2015-08-06 10:11:16'),
('55c2d0c8df8a5', '00009', '55bf108f52d8a', 1, '', '2015-08-06 10:13:12'),
('55c2d0f6ad173', '00065', '55bf108f52d8a', 1, '', '2015-08-06 10:13:58'),
('55c2d1104dcc6', '00077', '55bf108f52d8a', 0, '', '2015-08-06 10:14:24'),
('55c2d1131e628', '00079', '55bf108f52d8a', 1, '', '2015-08-06 10:14:27'),
('55c2d1190ee2b', '00082', '55bf108f52d8a', 1, '', '2015-08-06 10:14:33'),
('55c2d123bf61b', '00083', '55bf108f52d8a', 0, '', '2015-08-06 10:14:43'),
('55c2d127e3cc9', '00090', '55bf108f52d8a', 0, '', '2015-08-06 10:14:47'),
('55c2d13a3db52', '00109', '55bf108f52d8a', 0, '', '2015-08-06 10:15:06'),
('55c2d13f5b03c', '00121', '55bf108f52d8a', 1, '', '2015-08-06 10:15:11'),
('55c2d142d8199', '00124', '55bf108f52d8a', 1, '', '2015-08-06 10:15:14'),
('55c2d1458bef8', '00125', '55bf108f52d8a', 1, '', '2015-08-06 10:15:17'),
('55c2d14772b6e', '00128', '55bf108f52d8a', 1, '', '2015-08-06 10:15:19'),
('55c2d15b923b8', '00149', '55bf108f52d8a', 0, '', '2015-08-06 10:15:39'),
('55c2d16a8e096', '00157', '55bf108f52d8a', 1, '', '2015-08-06 10:15:54'),
('55c807852753f', '00066', '55bf108f52d8a', 1, '', '2015-08-10 09:08:05'),
('55c807d2ee56a', '00136', '55bf1082af74b', 1, '', '2015-08-10 09:09:22'),
('55d287fc814d4', '00158', '55bf1082af74b', 1, '', '2015-08-18 08:18:52'),
('55d28827d7bcc', '00159', '55bf108f52d8a', 1, '', '2015-08-18 08:19:35'),
('55d3df5adba25', '00160', '55bf108f52d8a', 0, '', '2015-08-19 08:43:54'),
('55d3df643baa5', '00137', '55bf108f52d8a', 0, '', '2015-08-19 08:44:04');

-- --------------------------------------------------------

--
-- Table structure for table `t_hours`
--

CREATE TABLE IF NOT EXISTS `t_hours` (
  `hours_id` varchar(20) CHARACTER SET utf8 NOT NULL,
  `stamp_id` varchar(20) CHARACTER SET utf8 NOT NULL,
  `stamp_uid` varchar(20) CHARACTER SET utf8 NOT NULL,
  `stamp_date` date NOT NULL,
  `stamp_shift` varchar(20) NOT NULL,
  `hours` varchar(5) CHARACTER SET utf8 NOT NULL COMMENT 'minute',
  `is_delete` tinyint(1) NOT NULL,
  PRIMARY KEY (`hours_id`)
) ENGINE=InnoDB DEFAULT CHARSET=utf32;

-- --------------------------------------------------------

--
-- Table structure for table `t_late`
--

CREATE TABLE IF NOT EXISTS `t_late` (
  `late_id` varchar(20) CHARACTER SET utf8 NOT NULL,
  `stamp_id` varchar(20) CHARACTER SET utf8 NOT NULL,
  `stamp_uid` varchar(20) CHARACTER SET utf8 NOT NULL,
  `stamp_date` date NOT NULL,
  `stamp_shift` varchar(20) CHARACTER SET utf8 NOT NULL,
  `late` varchar(5) CHARACTER SET utf8 NOT NULL COMMENT 'minute',
  `overtime` varchar(5) NOT NULL,
  `before_time` varchar(5) NOT NULL,
  `hours` varchar(10) NOT NULL,
  `is_delete` tinyint(1) NOT NULL,
  PRIMARY KEY (`late_id`)
) ENGINE=InnoDB DEFAULT CHARSET=utf32;

--
-- Dumping data for table `t_late`
--

INSERT INTO `t_late` (`late_id`, `stamp_id`, `stamp_uid`, `stamp_date`, `stamp_shift`, `late`, `overtime`, `before_time`, `hours`, `is_delete`) VALUES
('55d59f103ddce', '55d52396e8125', '00072', '2015-08-20', '55bf108f52d8a', '', '5', '', '545', 0);

-- --------------------------------------------------------

--
-- Table structure for table `t_overtime`
--

CREATE TABLE IF NOT EXISTS `t_overtime` (
  `overtime_id` varchar(20) CHARACTER SET utf8 NOT NULL,
  `stamp_id` varchar(20) CHARACTER SET utf8 NOT NULL,
  `stamp_uid` varchar(20) CHARACTER SET utf8 NOT NULL,
  `stamp_date` date NOT NULL,
  `stamp_shift` varchar(20) CHARACTER SET utf8 NOT NULL,
  `overtime` varchar(5) CHARACTER SET utf8 NOT NULL,
  `is_delete` tinyint(1) NOT NULL,
  PRIMARY KEY (`overtime_id`)
) ENGINE=InnoDB DEFAULT CHARSET=utf32;

-- --------------------------------------------------------

--
-- Table structure for table `t_reason`
--

CREATE TABLE IF NOT EXISTS `t_reason` (
  `reason_id` varchar(20) CHARACTER SET utf8 NOT NULL,
  `reason_name` varchar(10) NOT NULL,
  `reason_day` varchar(5) CHARACTER SET utf8 NOT NULL,
  `create_uid` varchar(20) CHARACTER SET utf8 NOT NULL,
  `create_date` datetime NOT NULL,
  `update_uid` varchar(20) CHARACTER SET utf8 NOT NULL,
  `update_date` datetime NOT NULL,
  PRIMARY KEY (`reason_id`)
) ENGINE=InnoDB DEFAULT CHARSET=utf32;

--
-- Dumping data for table `t_reason`
--

INSERT INTO `t_reason` (`reason_id`, `reason_name`, `reason_day`, `create_uid`, `create_date`, `update_uid`, `update_date`) VALUES
('55c1d991f1584', 'Sick', '20', '', '2015-08-05 16:38:25', '', '0000-00-00 00:00:00'),
('55c1d9a55f5a5', 'Absent', '3', '', '2015-08-05 16:38:45', '', '0000-00-00 00:00:00'),
('55c1d9b7afd58', 'Ceremony', '7', '', '2015-08-05 16:39:03', '', '0000-00-00 00:00:00'),
('55c1da03b23dd', 'Monkhood', '7', '', '2015-08-05 16:40:19', '', '0000-00-00 00:00:00'),
('55c1da1745e3b', 'Marry', '7', '', '2015-08-05 16:40:39', '', '0000-00-00 00:00:00'),
('55c1da1fce75d', 'Pregnant', '45', '', '2015-08-05 16:40:47', '', '0000-00-00 00:00:00');

-- --------------------------------------------------------

--
-- Table structure for table `t_role`
--

CREATE TABLE IF NOT EXISTS `t_role` (
  `role_id` varchar(20) NOT NULL,
  `role_name` varchar(100) NOT NULL,
  `role_discription` text NOT NULL,
  `role_key` int(1) NOT NULL,
  `create_uid` varchar(20) NOT NULL,
  `create_date` datetime NOT NULL,
  `update_uid` varchar(20) NOT NULL,
  `update_date` datetime NOT NULL,
  PRIMARY KEY (`role_id`)
) ENGINE=InnoDB DEFAULT CHARSET=utf8;

--
-- Dumping data for table `t_role`
--

INSERT INTO `t_role` (`role_id`, `role_name`, `role_discription`, `role_key`, `create_uid`, `create_date`, `update_uid`, `update_date`) VALUES
('55d3f18cd06f7', 'Administrator', '', 1, '00072', '2015-08-19 10:01:32', '00072', '2015-08-19 10:10:34'),
('55d3f371153b2', 'Accounting', '', 2, '00072', '2015-08-19 10:09:37', '00072', '2015-08-19 14:00:46'),
('55d3f3978049b', 'Leader FP', 'Leader Floorplan', 3, '00072', '2015-08-19 10:10:15', '00072', '2015-08-19 10:11:28'),
('55d3f3cbbcba8', 'Leader PE', 'Leader Photo edit', 4, '00072', '2015-08-19 10:11:07', '00072', '2015-08-19 10:11:38');

-- --------------------------------------------------------

--
-- Table structure for table `t_stamp`
--

CREATE TABLE IF NOT EXISTS `t_stamp` (
  `stamp_id` varchar(20) NOT NULL,
  `stamp_uid` varchar(20) NOT NULL,
  `stamp_date` date NOT NULL,
  `stamp_start` datetime NOT NULL,
  `stamp_start_ip` varchar(20) NOT NULL,
  `stamp_stop` datetime NOT NULL,
  `stamp_stop_ip` varchar(20) NOT NULL,
  `reason_id` varchar(20) NOT NULL,
  `work_shift_id` varchar(20) NOT NULL,
  `stamp_note` text NOT NULL,
  `create_user` varchar(20) NOT NULL,
  `create_date` datetime NOT NULL,
  `update_user` varchar(10) NOT NULL,
  `update_date` datetime NOT NULL,
  `is_delete` tinyint(1) NOT NULL,
  PRIMARY KEY (`stamp_id`)
) ENGINE=InnoDB DEFAULT CHARSET=utf8;

--
-- Dumping data for table `t_stamp`
--

INSERT INTO `t_stamp` (`stamp_id`, `stamp_uid`, `stamp_date`, `stamp_start`, `stamp_start_ip`, `stamp_stop`, `stamp_stop_ip`, `reason_id`, `work_shift_id`, `stamp_note`, `create_user`, `create_date`, `update_user`, `update_date`, `is_delete`) VALUES
('55c7e6890f3f2', '00135', '2015-08-10', '2015-08-10 06:47:24', '192.168.5.13', '2015-08-10 16:06:05', '192.168.5.13', '', '55bf1082af74b', '', '00135', '2015-08-10 06:47:24', '00072', '2015-08-19 15:26:00', 0),
('55c7e69040879', '00012', '2015-08-10', '2015-08-10 06:47:29', '192.168.5.21', '2015-08-10 16:09:08', '192.168.5.21', '', '55bf1082af74b', '', '00012', '2015-08-10 06:47:29', '', '2015-08-19 15:16:20', 0),
('55c7e74450ded', '00021', '2015-08-10', '2015-08-10 06:50:31', '192.168.5.23', '2015-08-10 16:05:03', '192.168.5.23', '', '55bf1082af74b', '', '00021', '2015-08-10 06:50:31', '00021', '2015-08-10 16:05:03', 0),
('55c7e81c80bdd', '00120', '2015-08-10', '2015-08-10 06:54:19', '192.168.5.12', '2015-08-10 16:04:41', '192.168.5.12', '', '55bf1082af74b', '', '00120', '2015-08-10 06:54:19', '00120', '2015-08-10 16:04:41', 0),
('55c7e858b83b2', '00019', '2015-08-10', '2015-08-10 06:55:58', '192.168.5.15', '2015-08-10 16:10:00', '192.168.5.15', '', '55bf1082af74b', '', '00019', '2015-08-10 06:55:58', '00019', '2015-08-10 16:10:00', 0),
('55c7e8db83c32', '00132', '2015-08-10', '2015-08-10 06:57:17', '192.168.5.26', '2015-08-10 16:03:47', '192.168.5.26', '', '55bf1082af74b', '', '00132', '2015-08-10 06:57:17', '00132', '2015-08-10 16:03:47', 0),
('55c7e8ffd1ebc', '00067', '2015-08-10', '2015-08-10 06:57:56', '192.168.5.19', '2015-08-10 22:02:40', '192.168.5.19', '', '55bf1082af74b', '', '00067', '2015-08-10 06:57:56', '00067', '2015-08-10 22:02:40', 0),
('55c7e90a55e9c', '00123', '2015-08-10', '2015-08-10 06:58:07', '192.168.5.11', '2015-08-10 16:05:58', '192.168.5.11', '', '55bf1082af74b', '', '00123', '2015-08-10 06:58:07', '00123', '2015-08-10 16:05:58', 0),
('55c7e9256d4f1', '00154', '2015-08-10', '2015-08-10 06:58:30', '192.168.5.25', '2015-08-10 16:04:22', '192.168.5.25', '', '55bf1082af74b', '', '00154', '2015-08-10 06:58:30', '00154', '2015-08-10 16:04:22', 0),
('55c7e94f62054', '00081', '2015-08-10', '2015-08-10 06:59:14', '192.168.5.16', '2015-08-10 16:09:27', '192.168.5.16', '', '55bf1082af74b', '', '00081', '2015-08-10 06:59:14', '00081', '2015-08-10 16:09:27', 0),
('55c7e9671cccc', '00156', '2015-08-10', '2015-08-10 06:59:38', '192.168.5.22', '2015-08-10 16:13:50', '192.168.5.22', '', '55bf1082af74b', '', '00156', '2015-08-10 06:59:38', '00156', '2015-08-10 16:13:50', 0),
('55c7e9c093605', '00155', '2015-08-10', '2015-08-10 07:01:06', '192.168.5.28', '2015-08-10 16:05:18', '192.168.5.28', '', '55bf1082af74b', '', '00155', '2015-08-10 07:01:06', '00155', '2015-08-10 16:05:18', 0),
('55c7e9e1d4617', '00104', '2015-08-10', '2015-08-10 07:01:41', '192.168.5.14', '2015-08-10 16:06:33', '192.168.5.14', '', '55bf1082af74b', '', '00104', '2015-08-10 07:01:41', '00104', '2015-08-10 16:06:33', 0),
('55c7ea44dfcf8', '00103', '2015-08-10', '2015-08-10 07:03:24', '192.168.5.18', '2015-08-10 16:07:32', '192.168.5.18', '', '55bf1082af74b', '', '00103', '2015-08-10 07:03:24', '00103', '2015-08-10 16:07:32', 0),
('55c7ebcc852b5', '00017', '2015-08-10', '2015-08-10 07:09:51', '192.168.5.42', '2015-08-10 17:08:28', '192.168.5.42', '', '55c483de2c235', '', '00017', '2015-08-10 07:09:51', '00017', '2015-08-10 17:08:28', 0),
('55c7f34368039', '00018', '2015-08-10', '2015-08-10 07:41:56', '192.168.5.35', '2015-08-10 17:14:41', '192.168.5.35', '', '55bf1082af74b', '', '00018', '2015-08-10 07:41:56', '00018', '2015-08-10 17:14:41', 0),
('55c7f3c2820b2', '00136', '2015-08-10', '2015-08-10 07:43:51', '192.168.5.36', '2015-08-10 16:02:32', '192.168.5.36', '', '55bf108f52d8a', '', '00136', '2015-08-10 07:43:51', '00136', '2015-08-10 16:02:32', 0),
('55c7f3f02b81c', '00024', '2015-08-10', '2015-08-10 07:44:33', '192.168.5.45', '0000-00-00 00:00:00', '', '', '55bf108f52d8a', '20.00 forgot', '00024', '2015-08-10 07:44:33', '00072', '2015-08-19 15:31:31', 0),
('55c7f3ff977d9', '00138', '2015-08-10', '2015-08-10 07:44:51', '192.168.5.32', '2015-08-10 16:02:05', '192.168.5.32', '', '55bf1082af74b', 'ลงเวลาจากเครื่องพี่เต๋า   คอมเสีย ไม่สามารถทำงานได้', '00138', '2015-08-10 07:44:51', '00138', '2015-08-13 06:53:09', 0),
('55c7f49921924', '00072', '2015-08-10', '2015-08-10 07:47:23', '192.168.5.54', '2015-08-10 17:10:23', '192.168.5.54', '', '55bf108f52d8a', '', '00072', '2015-08-10 07:47:23', '00072', '2015-08-19 15:30:31', 0),
('55c7f54e238d7', '00101', '2015-08-10', '2015-08-10 07:50:26', '192.168.5.51', '2015-08-10 17:18:10', '192.168.5.51', '', '55bf108f52d8a', '', '00101', '2015-08-10 07:50:26', '00101', '2015-08-10 17:18:10', 0),
('55c7f5624fe55', '00023', '2015-08-10', '2015-08-10 07:50:46', '192.168.5.55', '2015-08-10 17:17:32', '192.168.5.55', '', '55bf108f52d8a', '', '00023', '2015-08-10 07:50:46', '00023', '2015-08-10 17:17:32', 0),
('55c7f7b13cfdc', '00157', '2015-08-10', '2015-08-10 08:00:35', '192.168.5.53', '2015-08-10 17:11:46', '192.168.5.53', '', '55bf108f52d8a', '', '00157', '2015-08-10 08:00:35', '00157', '2015-08-10 17:11:46', 0),
('55c7f7c9e0217', '00009', '2015-08-10', '2015-08-10 08:00:59', '192.168.5.43', '2015-08-10 17:21:21', '192.168.5.43', '', '55bf108f52d8a', '', '00009', '2015-08-10 08:00:59', '00009', '2015-08-10 17:21:21', 0),
('55c7f7f90e987', '00124', '2015-08-10', '2015-08-10 08:01:54', '192.168.5.63', '2015-08-10 18:35:49', '192.168.5.63', '', '55bf108f52d8a', '', '00124', '2015-08-10 08:01:54', '00124', '2015-08-10 18:35:49', 0),
('55c7f819930f0', '00065', '2015-08-10', '2015-08-10 08:02:22', '192.168.5.80', '0000-00-00 00:00:00', '', '', '55bf108f52d8a', '17:15', '00065', '2015-08-10 08:02:22', '00065', '2015-08-14 07:59:33', 0),
('55c7f834e004d', '00125', '2015-08-10', '2015-08-10 08:02:47', '192.168.5.64', '2015-08-10 18:36:37', '192.168.5.64', '', '55bf108f52d8a', '', '00125', '2015-08-10 08:02:47', '00125', '2015-08-10 18:36:37', 0),
('55c7f8f47c660', '00128', '2015-08-10', '2015-08-10 08:05:58', '192.168.5.44', '2015-08-10 17:10:49', '192.168.5.44', '', '55bf108f52d8a', '', '00128', '2015-08-10 08:05:58', '00128', '2015-08-10 17:10:49', 0),
('55c7fc405ba64', '00066', '2015-08-10', '2015-08-10 08:20:23', '192.168.5.41', '2015-08-10 17:17:42', '192.168.5.41', '', '55bf108f52d8a', '', '00066', '2015-08-10 08:20:23', '00066', '2015-08-10 17:17:42', 0),
('55c80577c1f4d', '00051', '2015-08-10', '2015-08-10 08:59:22', '192.168.5.24', '2015-08-10 16:07:43', '192.168.5.24', '', '55bf1082af74b', 'Night Shift #07/08/2015', '00051', '2015-08-10 08:59:22', '', '2015-08-11 11:07:42', 0),
('55c842777f23c', '00121', '2015-08-10', '2015-08-10 13:19:42', '192.168.5.31', '2015-08-10 22:02:47', '192.168.5.31', '', '55bf1082af74b', '', '00121', '2015-08-10 13:19:42', '00121', '2015-08-10 22:02:47', 0),
('55c84dec8cc65', '00082', '2015-08-10', '2015-08-10 14:08:37', '192.168.5.32', '2015-08-10 22:02:10', '192.168.5.32', '', '55bf1082af74b', '', '00082', '2015-08-10 14:08:37', '00082', '2015-08-10 22:02:10', 0),
('55c8521fd296b', '00074', '2015-08-10', '2015-08-10 14:26:24', '192.168.5.69', '2015-08-10 03:00:00', '', '', '55c483de2c235', 'Manual Input, Stop Button Error after Date.', '00074', '2015-08-10 14:26:24', '00074', '2015-08-11 06:23:16', 0),
('55c935d23fa80', '00012', '2015-08-11', '2015-08-11 06:37:55', '192.168.5.21', '2015-08-11 16:09:13', '192.168.5.21', '', '55bf1082af74b', '', '00012', '2015-08-11 06:37:55', '00012', '2015-08-11 16:09:13', 0),
('55c936ce0dce1', '00019', '2015-08-11', '2015-08-11 06:42:13', '192.168.5.15', '2015-08-11 16:15:48', '192.168.5.15', '', '55bf1082af74b', '', '00019', '2015-08-11 06:42:13', '00019', '2015-08-11 16:15:48', 0),
('55c936dcb6e27', '00135', '2015-08-11', '2015-08-11 06:42:24', '192.168.5.13', '2015-08-11 16:05:54', '192.168.5.13', '', '55bf1082af74b', '', '00135', '2015-08-11 06:42:24', '00135', '2015-08-11 16:05:54', 0),
('55c937b45279d', '00136', '2015-08-11', '2015-08-11 06:46:03', '192.168.5.36', '2015-08-11 16:06:13', '192.168.5.36', '', '55bf1082af74b', '', '00136', '2015-08-11 06:46:03', '00136', '2015-08-11 16:06:13', 0),
('55c93874b50b6', '00021', '2015-08-11', '2015-08-11 06:49:10', '192.168.5.23', '2015-08-11 16:04:46', '192.168.5.23', '', '55bf1082af74b', '', '00021', '2015-08-11 06:49:10', '00021', '2015-08-11 16:04:46', 0),
('55c93891e4ad4', '00156', '2015-08-11', '2015-08-11 06:49:39', '192.168.5.22', '2015-08-11 16:23:39', '192.168.5.22', '', '55bf1082af74b', '', '00156', '2015-08-11 06:49:39', '00156', '2015-08-11 16:23:39', 0),
('55c938c7bfff9', '00123', '2015-08-11', '2015-08-11 06:50:34', '192.168.5.11', '2015-08-11 16:12:25', '192.168.5.11', '', '55bf1082af74b', '', '00123', '2015-08-11 06:50:34', '00123', '2015-08-11 16:12:25', 0),
('55c938ec086fa', '00138', '2015-08-11', '2015-08-11 06:51:10', '192.168.5.34', '2015-08-11 16:04:31', '192.168.5.34', '', '55bf108f52d8a', '', '00138', '2015-08-11 06:51:10', '00138', '2015-08-11 16:04:31', 0),
('55c938ff1bd21', '00132', '2015-08-11', '2015-08-11 06:51:28', '192.168.5.26', '2015-08-11 16:04:12', '192.168.5.26', '', '55bf1082af74b', '', '00132', '2015-08-11 06:51:28', '00132', '2015-08-11 16:04:12', 0),
('55c93901917a2', '00104', '2015-08-11', '2015-08-11 06:51:31', '192.168.5.14', '2015-08-11 16:16:53', '192.168.5.14', '', '55bf1082af74b', '', '00104', '2015-08-11 06:51:31', '00104', '2015-08-11 16:16:53', 0),
('55c939200ce01', '00154', '2015-08-11', '2015-08-11 06:52:02', '192.168.5.25', '2015-08-11 16:05:58', '192.168.5.25', '', '55bf1082af74b', '', '00154', '2015-08-11 06:52:02', '00154', '2015-08-11 16:05:58', 0),
('55c939594a58a', '00051', '2015-08-11', '2015-08-11 06:53:11', '192.168.5.24', '2015-08-11 16:08:25', '192.168.5.24', '', '55bf1082af74b', '', '00051', '2015-08-11 06:53:11', '00051', '2015-08-11 16:08:25', 0),
('55c93a4222fc0', '00120', '2015-08-11', '2015-08-11 06:56:52', '192.168.5.12', '2015-08-11 16:12:59', '192.168.5.12', '', '55bf1082af74b', '', '00120', '2015-08-11 06:56:52', '00120', '2015-08-11 16:12:59', 0),
('55c93a7007082', '00122', '2015-08-11', '2015-08-11 06:57:39', '192.168.5.27', '2015-08-11 16:04:53', '192.168.5.27', '', '55bf1082af74b', '', '00122', '2015-08-11 06:57:39', '00122', '2015-08-11 16:04:53', 0),
('55c93ac5d443a', '00081', '2015-08-11', '2015-08-11 06:59:04', '192.168.5.16', '2015-08-11 22:13:09', '192.168.5.16', '', '55bf1082af74b', '', '00081', '2015-08-11 06:59:04', '00081', '2015-08-11 22:13:09', 0),
('55c93b04de3da', '00155', '2015-08-11', '2015-08-11 07:00:06', '192.168.5.28', '2015-08-11 16:04:53', '192.168.5.28', '', '55bf1082af74b', '', '00155', '2015-08-11 07:00:06', '00155', '2015-08-11 16:04:53', 0),
('55c93b6944d40', '00103', '2015-08-11', '2015-08-11 07:01:45', '192.168.5.18', '2015-08-11 16:06:16', '192.168.5.18', '', '55bf1082af74b', '', '00103', '2015-08-11 07:01:45', '00103', '2015-08-11 16:06:16', 0),
('55c93c7527bc1', '00017', '2015-08-11', '2015-08-11 07:06:15', '192.168.5.42', '0000-00-00 00:00:00', '', '', '55c483de2c235', 'ลืมกดออก 20.00', '00017', '2015-08-11 07:06:15', '00017', '2015-08-12 17:46:43', 0),
('55c93f806be0d', '00018', '2015-08-11', '2015-08-11 07:19:13', '192.168.5.35', '0000-00-00 00:00:00', '', '', '55bf108f52d8a', 'ลืมลงเวลาออก เลิก 17.20', '00018', '2015-08-11 07:19:13', '00018', '2015-08-12 13:59:16', 0),
('55c9403ad8b29', '00009', '2015-08-11', '2015-08-11 07:22:21', '192.168.5.43', '2015-08-11 18:09:38', '192.168.5.43', '', '55bf108f52d8a', '', '00009', '2015-08-11 07:22:21', '00009', '2015-08-11 18:09:38', 0),
('55c94074380c2', '00023', '2015-08-11', '2015-08-11 07:23:17', '192.168.5.55', '2015-08-11 18:33:03', '192.168.5.55', '', '55bf108f52d8a', '', '00023', '2015-08-11 07:23:17', '00023', '2015-08-11 18:33:03', 0),
('55c942f549b16', '00024', '2015-08-11', '2015-08-11 07:34:11', '192.168.5.45', '2015-08-11 17:09:26', '192.168.5.45', '', '55bf108f52d8a', '', '00024', '2015-08-11 07:34:11', '00024', '2015-08-11 17:09:26', 0),
('55c945929c8c5', '00072', '2015-08-11', '2015-08-11 07:45:10', '192.168.5.54', '2015-08-11 17:06:09', '192.168.5.54', '', '55bf108f52d8a', '', '00072', '2015-08-11 07:45:10', '00072', '2015-08-11 17:06:09', 0),
('55c945bf84625', '00101', '2015-08-11', '2015-08-11 07:45:58', '192.168.5.51', '2015-08-11 17:34:46', '192.168.5.51', '', '55bf108f52d8a', '', '00101', '2015-08-11 07:45:58', '00101', '2015-08-11 17:34:46', 0),
('55c945e05dcc1', '00125', '2015-08-11', '2015-08-11 07:46:25', '192.168.5.64', '2015-08-11 17:12:49', '192.168.5.61', '', '55bf108f52d8a', '', '00125', '2015-08-11 07:46:25', '00125', '2015-08-11 17:12:49', 0),
('55c945eb2f3de', '00124', '2015-08-11', '2015-08-11 07:46:36', '192.168.5.63', '2015-08-11 17:13:02', '192.168.5.61', '', '55bf108f52d8a', '', '00124', '2015-08-11 07:46:36', '00124', '2015-08-11 17:13:02', 0),
('55c9475b06d8d', '00157', '2015-08-11', '2015-08-11 07:52:45', '192.168.5.53', '2015-08-11 17:11:10', '192.168.5.53', '', '55bf108f52d8a', '', '00157', '2015-08-11 07:52:45', '00157', '2015-08-11 17:11:10', 0),
('55c9485534c85', '00128', '2015-08-11', '2015-08-11 07:56:54', '192.168.5.44', '2015-08-11 17:23:32', '192.168.5.44', '', '55bf108f52d8a', '', '00128', '2015-08-11 07:56:54', '00128', '2015-08-11 17:23:32', 0),
('55c948e3c41a9', '00066', '2015-08-11', '2015-08-11 07:59:19', '192.168.5.41', '2015-08-11 18:36:16', '192.168.5.41', '', '55bf108f52d8a', '', '00066', '2015-08-11 07:59:19', '00066', '2015-08-11 18:36:16', 0),
('55c949c227a39', '00065', '2015-08-11', '2015-08-11 08:02:59', '192.168.5.80', '0000-00-00 00:00:00', '', '', '55bf108f52d8a', '17:12', '00065', '2015-08-11 08:02:59', '00065', '2015-08-14 07:59:52', 0),
('55c9557f90880', '00067', '2015-08-11', '2015-08-11 08:53:06', '192.168.5.19', '2015-08-11 16:06:19', '192.168.5.19', '', '55bf1082af74b', '', '00067', '2015-08-11 08:53:06', '00067', '2015-08-11 16:06:19', 0),
('55c99696d84bf', '00121', '2015-08-11', '2015-08-11 13:30:51', '192.168.5.31', '2015-08-11 22:17:27', '192.168.5.31', '', '55c871499df11', '', '00121', '2015-08-11 13:30:51', '00121', '2015-08-11 22:17:27', 0),
('55c99ac2ddb91', '00082', '2015-08-11', '2015-08-11 13:48:37', '192.168.5.32', '2015-08-11 22:31:13', '192.168.5.32', '', '55c871499df11', '', '00082', '2015-08-11 13:48:37', '00082', '2015-08-11 22:31:13', 0),
('55c99c9f716f6', '00074', '2015-08-11', '2015-08-11 13:56:32', '192.168.5.69', '2015-08-11 05:36:00', '', '', '55c483de2c235', 'Manual Input, Stop Button Error after Date.', '00074', '2015-08-11 13:56:32', '', '2015-08-12 05:38:30', 0),
('55c9ba67b8ed1', '00079', '2015-08-11', '2015-08-11 16:03:42', '192.168.5.61', '2015-08-11 17:12:02', '192.168.5.61', '', '55bf108f52d8a', 'ทดลองใช้ครั้งแรก', '00079', '2015-08-11 16:03:42', '00079', '2015-08-11 17:12:02', 0),
('55ca87630d2cd', '00135', '2015-08-12', '2015-08-12 06:38:11', '192.168.5.13', '2015-08-12 18:29:19', '192.168.5.13', '', '55bf1082af74b', 'Tranning Day shitt', '00135', '2015-08-12 06:38:11', '00135', '2015-08-13 22:04:23', 0),
('55ca88fac5e1c', '00012', '2015-08-12', '2015-08-12 06:45:00', '192.168.5.21', '2015-08-12 22:00:27', '192.168.5.21', '', '55bf1082af74b', '', '00012', '2015-08-12 06:45:00', '00012', '2015-08-12 22:00:27', 0),
('55ca89d144e3f', '00123', '2015-08-12', '2015-08-12 06:48:34', '192.168.5.11', '2015-08-12 16:41:39', '192.168.5.11', '', '55bf1082af74b', '', '00123', '2015-08-12 06:48:34', '00123', '2015-08-12 16:41:39', 0),
('55ca89ec6a9ad', '00138', '2015-08-12', '2015-08-12 06:49:02', '192.168.5.34', '2015-08-12 16:02:40', '192.168.5.34', '', '55bf108f52d8a', '', '00138', '2015-08-12 06:49:02', '00138', '2015-08-12 16:02:40', 0),
('55ca89fc3e38b', '00132', '2015-08-12', '2015-08-12 06:49:17', '192.168.5.26', '2015-08-12 16:04:33', '192.168.5.26', '', '55bf1082af74b', '', '00132', '2015-08-12 06:49:17', '00132', '2015-08-12 16:04:33', 0),
('55ca8a25a91c0', '00136', '2015-08-12', '2015-08-12 06:49:59', '192.168.5.36', '2015-08-12 16:03:51', '192.168.5.36', '', '55bf1082af74b', '', '00136', '2015-08-12 06:49:59', '00136', '2015-08-12 16:03:51', 0),
('55ca8b0dcff4d', '00154', '2015-08-12', '2015-08-12 06:53:50', '192.168.5.25', '2015-08-12 16:04:22', '192.168.5.25', '', '55bf1082af74b', '', '00154', '2015-08-12 06:53:50', '00154', '2015-08-12 16:04:22', 0),
('55ca8b1773ed9', '00017', '2015-08-12', '2015-08-12 06:54:03', '192.168.5.42', '2015-08-12 17:45:58', '192.168.5.42', '', '55c483de2c235', '', '00017', '2015-08-12 06:54:03', '00017', '2015-08-12 17:46:46', 0),
('55ca8ba39f27e', '00067', '2015-08-12', '2015-08-12 06:56:21', '192.168.5.19', '2015-08-12 16:03:52', '192.168.5.19', '', '55bf1082af74b', '', '00067', '2015-08-12 06:56:21', '00067', '2015-08-12 16:03:52', 0),
('55ca8ba8abd50', '00120', '2015-08-12', '2015-08-12 06:56:26', '192.168.5.12', '2015-08-12 16:10:24', '192.168.5.12', '', '55bf1082af74b', '', '00120', '2015-08-12 06:56:26', '00120', '2015-08-12 16:10:24', 0),
('55ca8bb616b70', '00021', '2015-08-12', '2015-08-12 06:56:40', '192.168.5.23', '2015-08-12 16:04:50', '192.168.5.23', '', '55bf1082af74b', '', '00021', '2015-08-12 06:56:40', '00021', '2015-08-12 16:04:50', 0),
('55ca8bc31ec33', '00019', '2015-08-12', '2015-08-12 06:56:52', '192.168.5.15', '2015-08-12 16:05:51', '192.168.5.15', '', '55bf1082af74b', '', '00019', '2015-08-12 06:56:52', '00019', '2015-08-12 16:05:51', 0),
('55ca8bccba3c4', '00104', '2015-08-12', '2015-08-12 06:57:01', '192.168.5.14', '2015-08-12 16:24:41', '192.168.5.14', '', '55bf1082af74b', '', '00104', '2015-08-12 06:57:01', '00104', '2015-08-12 16:24:41', 0),
('55ca8bcf0a518', '00156', '2015-08-12', '2015-08-12 06:57:03', '192.168.5.22', '2015-08-12 16:10:50', '192.168.5.22', '', '55bf1082af74b', '', '00156', '2015-08-12 06:57:03', '00156', '2015-08-12 16:10:50', 0),
('55ca8bd5bd7f4', '00051', '2015-08-12', '2015-08-12 06:57:11', '192.168.5.24', '2015-08-12 16:09:15', '192.168.5.24', '', '55bf1082af74b', '', '00051', '2015-08-12 06:57:11', '00051', '2015-08-12 16:09:15', 0),
('55ca8d1e73e27', '00103', '2015-08-12', '2015-08-12 07:02:39', '192.168.5.18', '2015-08-12 16:06:14', '192.168.5.18', '', '55bf1082af74b', '', '00103', '2015-08-12 07:02:39', '00103', '2015-08-12 16:06:14', 0),
('55ca8e2a8181a', '00122', '2015-08-12', '2015-08-12 07:07:08', '192.168.5.27', '2015-08-12 16:07:25', '192.168.5.27', '', '55bf1082af74b', '', '00122', '2015-08-12 07:07:08', '00122', '2015-08-12 16:07:25', 0),
('55ca8e83215da', '00155', '2015-08-12', '2015-08-12 07:08:36', '192.168.5.28', '2015-08-12 16:02:18', '192.168.5.28', '', '55bf1082af74b', '', '00155', '2015-08-12 07:08:36', '00155', '2015-08-12 16:02:18', 0),
('55ca8f41087ce', '00018', '2015-08-12', '2015-08-12 07:11:48', '192.168.5.35', '2015-08-12 17:27:55', '192.168.5.35', '', '55bf108f52d8a', '', '00018', '2015-08-12 07:11:48', '00018', '2015-08-12 17:27:55', 0),
('55ca91ec0325e', '00023', '2015-08-12', '2015-08-12 07:23:10', '192.168.5.55', '2015-08-12 17:10:55', '192.168.5.55', '', '55bf108f52d8a', '', '00023', '2015-08-12 07:23:10', '00023', '2015-08-12 17:10:55', 0),
('55ca949ae4fb6', '00024', '2015-08-12', '2015-08-12 07:34:43', '192.168.5.45', '2015-08-12 20:17:48', '192.168.5.45', '', '55bf108f52d8a', '', '00024', '2015-08-12 07:34:43', '00024', '2015-08-12 20:17:48', 0),
('55ca954bcc41f', '00009', '2015-08-12', '2015-08-12 07:37:33', '192.168.5.43', '2015-08-12 18:03:18', '192.168.5.43', '', '55bf108f52d8a', '', '00009', '2015-08-12 07:37:33', '00009', '2015-08-12 18:03:18', 0),
('55ca970f3e3b9', '00157', '2015-08-12', '2015-08-12 07:45:19', '192.168.5.53', '2015-08-12 17:16:34', '192.168.5.53', '', '55bf108f52d8a', '', '00157', '2015-08-12 07:45:19', '00157', '2015-08-12 17:16:34', 0),
('55ca9738a18ef', '00125', '2015-08-12', '2015-08-12 07:45:45', '192.168.5.64', '2015-08-12 17:03:38', '192.168.5.64', '', '55bf108f52d8a', '', '00125', '2015-08-12 07:45:45', '00125', '2015-08-12 17:03:38', 0),
('55ca9757a0d49', '00124', '2015-08-12', '2015-08-12 07:46:16', '192.168.5.63', '2015-08-12 17:05:42', '192.168.5.63', '', '55bf108f52d8a', '', '00124', '2015-08-12 07:46:16', '00124', '2015-08-12 17:05:42', 0),
('55ca9773e45b7', '00072', '2015-08-12', '2015-08-12 07:46:46', '192.168.5.54', '2015-08-12 17:11:28', '192.168.5.54', '', '55bf108f52d8a', '', '00072', '2015-08-12 07:46:46', '00072', '2015-08-12 17:11:28', 0),
('55ca98c205eb0', '00101', '2015-08-12', '2015-08-12 07:52:19', '192.168.5.51', '2015-08-12 17:25:17', '192.168.5.51', '', '55bf108f52d8a', '', '00101', '2015-08-12 07:52:19', '00101', '2015-08-12 17:25:17', 0),
('55ca98e28ed60', '00066', '2015-08-12', '2015-08-12 07:52:53', '192.168.5.41', '2015-08-12 18:02:13', '192.168.5.41', '', '55bf108f52d8a', '', '00066', '2015-08-12 07:52:53', '00066', '2015-08-12 18:02:13', 0),
('55ca9a11e15a2', '00128', '2015-08-12', '2015-08-12 07:57:55', '192.168.5.44', '2015-08-12 17:08:55', '192.168.5.44', '', '55bf108f52d8a', '', '00128', '2015-08-12 07:57:55', '00128', '2015-08-12 17:08:55', 0),
('55ca9a7ff3c0c', '00079', '2015-08-12', '2015-08-12 07:59:44', '192.168.5.61', '2015-08-12 17:14:38', '192.168.5.61', '', '55bf108f52d8a', '', '00079', '2015-08-12 07:59:44', '00079', '2015-08-12 17:14:38', 0),
('55ca9b20c0c95', '00065', '2015-08-12', '2015-08-12 08:02:27', '192.168.5.80', '2015-08-12 17:14:03', '192.168.5.80', '', '55bf108f52d8a', '', '00065', '2015-08-12 08:02:27', '00065', '2015-08-12 17:14:03', 0),
('55caa84d0bc41', '00081', '2015-08-12', '2015-08-12 08:58:38', '192.168.5.16', '2015-08-12 16:05:21', '192.168.5.16', '', '55bf1082af74b', 'dayshift', '00081', '2015-08-12 08:58:39', '00081', '2015-08-12 16:05:21', 0),
('55caea44cb2fa', '00121', '2015-08-12', '2015-08-12 13:40:09', '192.168.5.31', '2015-08-12 22:03:11', '192.168.5.31', '', '55c871499df11', '', '00121', '2015-08-12 13:40:09', '00121', '2015-08-12 22:03:11', 0),
('55caeb99d5d8a', '00082', '2015-08-12', '2015-08-12 13:45:48', '192.168.5.32', '2015-08-12 22:05:36', '192.168.5.32', '', '55c871499df11', '', '00082', '2015-08-12 13:45:48', '00082', '2015-08-12 22:05:36', 0),
('55caf16ee3de2', '00074', '2015-08-12', '2015-08-12 14:10:40', '192.168.5.69', '2015-08-12 04:40:24', '192.168.5.54', '', '55c483de2c235', '', '00074', '2015-08-12 14:10:40', '', '2015-08-13 13:42:18', 0),
('55cbdad749fa0', '00132', '2015-08-13', '2015-08-13 06:46:32', '192.168.5.26', '2015-08-13 16:15:20', '192.168.5.26', '', '55bf1082af74b', '', '00132', '2015-08-13 06:46:32', '00132', '2015-08-13 16:15:20', 0),
('55cbdb0eae395', '00135', '2015-08-13', '2015-08-13 06:47:27', '192.168.5.13', '2015-08-13 22:04:04', '192.168.5.13', '', '55bf1082af74b', 'Day shitt', '00135', '2015-08-13 06:47:27', '00135', '2015-08-13 22:04:25', 0),
('55cbdb360b5ee', '00021', '2015-08-13', '2015-08-13 06:48:07', '192.168.5.23', '2015-08-13 16:27:04', '192.168.5.23', '', '55bf1082af74b', '', '00021', '2015-08-13 06:48:07', '00021', '2015-08-13 16:27:04', 0),
('55cbdba47bf7e', '00154', '2015-08-13', '2015-08-13 06:49:58', '192.168.5.25', '2015-08-13 16:13:38', '192.168.5.25', '', '55bf1082af74b', '', '00154', '2015-08-13 06:49:58', '00154', '2015-08-13 16:13:38', 0),
('55cbdc313d0f3', '00051', '2015-08-13', '2015-08-13 06:52:22', '192.168.5.24', '2015-08-13 16:23:43', '192.168.5.24', '', '55bf1082af74b', '', '00051', '2015-08-13 06:52:22', '00051', '2015-08-13 16:23:43', 0),
('55cbdc3e73e32', '00019', '2015-08-13', '2015-08-13 06:52:31', '192.168.5.15', '2015-08-13 16:16:48', '192.168.5.15', '', '55bf1082af74b', '', '00019', '2015-08-13 06:52:31', '00019', '2015-08-13 16:16:48', 0),
('55cbdc3f81b95', '00138', '2015-08-13', '2015-08-13 06:52:32', '192.168.5.34', '2015-08-13 16:03:48', '192.168.5.34', '', '55bf108f52d8a', '', '00138', '2015-08-13 06:52:32', '00138', '2015-08-13 16:03:48', 0),
('55cbdc462eaf5', '00136', '2015-08-13', '2015-08-13 06:52:40', '192.168.5.36', '2015-08-13 16:04:06', '192.168.5.36', '', '55bf1082af74b', '', '00136', '2015-08-13 06:52:40', '00136', '2015-08-13 16:04:06', 0),
('55cbdcc02402b', '00123', '2015-08-13', '2015-08-13 06:54:41', '192.168.5.11', '2015-08-13 16:20:04', '192.168.5.11', '', '55bf1082af74b', '', '00123', '2015-08-13 06:54:41', '00123', '2015-08-13 16:20:04', 0),
('55cbdce392c26', '00067', '2015-08-13', '2015-08-13 06:55:17', '192.168.5.19', '2015-08-13 16:10:28', '192.168.5.19', '', '55bf1082af74b', '', '00067', '2015-08-13 06:55:17', '00067', '2015-08-13 16:10:28', 0),
('55cbdd10cbad9', '00081', '2015-08-13', '2015-08-13 06:56:02', '192.168.5.16', '2015-08-13 16:16:48', '192.168.5.16', '', '55bf1082af74b', '', '00081', '2015-08-13 06:56:02', '00081', '2015-08-13 16:16:48', 0),
('55cbdd2fceda4', '00104', '2015-08-13', '2015-08-13 06:56:33', '192.168.5.14', '2015-08-13 16:37:27', '192.168.5.14', '', '55bf1082af74b', '', '00104', '2015-08-13 06:56:33', '00104', '2015-08-13 16:37:27', 0),
('55cbddd778541', '00017', '2015-08-13', '2015-08-13 06:59:32', '192.168.5.42', '2015-08-13 20:28:55', '192.168.5.42', '', '55c483de2c235', '', '00017', '2015-08-13 06:59:32', '00017', '2015-08-13 20:28:55', 0),
('55cbde770f480', '00156', '2015-08-13', '2015-08-13 07:02:00', '192.168.5.22', '2015-08-13 16:45:10', '192.168.5.22', '', '55bf1082af74b', '', '00156', '2015-08-13 07:02:00', '00156', '2015-08-13 16:45:10', 0),
('55cbdeda08015', '00018', '2015-08-13', '2015-08-13 07:03:41', '192.168.5.35', '2015-08-13 17:28:46', '192.168.5.35', '', '55bf108f52d8a', '', '00018', '2015-08-13 07:03:41', '00018', '2015-08-13 17:28:46', 0),
('55cbdf51ca693', '00155', '2015-08-13', '2015-08-13 07:05:39', '192.168.5.28', '2015-08-13 16:13:58', '192.168.5.28', '', '55bf1082af74b', '', '00155', '2015-08-13 07:05:39', '00155', '2015-08-13 16:13:58', 0),
('55cbdf926a88c', '00122', '2015-08-13', '2015-08-13 07:06:44', '192.168.5.27', '2015-08-13 16:20:00', '192.168.5.27', '', '55bf1082af74b', '', '00122', '2015-08-13 07:06:44', '00122', '2015-08-13 16:20:00', 0),
('55cbdfa4ab404', '00103', '2015-08-13', '2015-08-13 07:07:01', '192.168.5.18', '2015-08-13 16:10:13', '192.168.5.18', '', '55bf1082af74b', '', '00103', '2015-08-13 07:07:01', '00103', '2015-08-13 16:10:13', 0),
('55cbe5e9829eb', '00009', '2015-08-13', '2015-08-13 07:33:49', '192.168.5.43', '2015-08-13 17:06:59', '192.168.5.43', '', '55bf108f52d8a', '', '00009', '2015-08-13 07:33:49', '00009', '2015-08-13 17:06:59', 0),
('55cbe60ec2881', '00120', '2015-08-13', '2015-08-13 07:34:26', '192.168.5.12', '2015-08-13 16:44:02', '192.168.5.12', '', '55bf1082af74b', '', '00120', '2015-08-13 07:34:26', '00120', '2015-08-13 16:44:02', 0),
('55cbe6f401a75', '00072', '2015-08-13', '2015-08-13 07:38:19', '192.168.5.54', '2015-08-13 17:18:56', '192.168.5.54', '', '55bf108f52d8a', '', '00072', '2015-08-13 07:38:19', '', '2015-08-14 11:43:27', 0),
('55cbe7c26c53c', '00023', '2015-08-13', '2015-08-13 07:42:20', '192.168.5.55', '2015-08-13 17:32:07', '192.168.5.55', '', '55bf108f52d8a', '', '00023', '2015-08-13 07:42:20', '00023', '2015-08-13 17:32:07', 0),
('55cbe846972ac', '00125', '2015-08-13', '2015-08-13 07:43:55', '192.168.5.64', '2015-08-13 17:04:43', '192.168.5.64', '', '55bf108f52d8a', '', '00125', '2015-08-13 07:43:55', '00125', '2015-08-13 17:04:43', 0),
('55cbe87b28460', '00124', '2015-08-13', '2015-08-13 07:44:44', '192.168.5.63', '2015-08-13 17:05:03', '192.168.5.63', '', '55bf108f52d8a', '', '00124', '2015-08-13 07:44:44', '00124', '2015-08-13 17:05:03', 0),
('55cbe9fad6a27', '00101', '2015-08-13', '2015-08-13 07:51:13', '192.168.5.51', '2015-08-13 17:16:23', '192.168.5.51', '', '55bf108f52d8a', '', '00101', '2015-08-13 07:51:13', '00101', '2015-08-13 17:16:23', 0),
('55cbea0e795f0', '00157', '2015-08-13', '2015-08-13 07:51:39', '192.168.5.53', '2015-08-13 17:15:04', '192.168.5.53', '', '55bf108f52d8a', '', '00157', '2015-08-13 07:51:39', '00157', '2015-08-13 17:15:04', 0),
('55cbea4910e8b', '00024', '2015-08-13', '2015-08-13 07:52:27', '192.168.5.45', '2015-08-13 17:12:24', '192.168.5.45', '', '55bf108f52d8a', '', '00024', '2015-08-13 07:52:27', '00024', '2015-08-13 17:12:24', 0),
('55cbea6aa0a95', '00012', '2015-08-13', '2015-08-13 07:53:00', '192.168.5.21', '2015-08-13 16:18:07', '192.168.5.21', '', '55bf1082af74b', '', '00012', '2015-08-13 07:53:00', '00012', '2015-08-13 16:18:07', 0),
('55cbeab672e2f', '00066', '2015-08-13', '2015-08-13 07:54:16', '192.168.5.41', '2015-08-13 19:06:02', '192.168.5.41', '', '55bf108f52d8a', '', '00066', '2015-08-13 07:54:16', '00066', '2015-08-13 19:06:02', 0),
('55cbeb7432260', '00065', '2015-08-13', '2015-08-13 07:57:25', '192.168.5.65', '0000-00-00 00:00:00', '', '', '55bf108f52d8a', '17:10', '00065', '2015-08-13 07:57:25', '00065', '2015-08-14 17:07:48', 0),
('55cbec3d7a6ce', '00128', '2015-08-13', '2015-08-13 08:00:47', '192.168.5.44', '2015-08-13 17:08:38', '192.168.5.44', '', '55bf108f52d8a', '', '00128', '2015-08-13 08:00:47', '00128', '2015-08-13 17:08:38', 0),
('55cbec6204c96', '00079', '2015-08-13', '2015-08-13 08:01:23', '192.168.5.61', '2015-08-13 17:09:02', '192.168.5.61', '', '55bf108f52d8a', '', '00079', '2015-08-13 08:01:23', '00079', '2015-08-13 17:09:02', 0),
('55cc3beaea613', '00074', '2015-08-13', '2015-08-13 13:41:28', '192.168.5.54', '2015-08-14 04:58:33', '192.168.5.69', '', '55c483de2c235', '', '00074', '2015-08-13 13:41:28', '00074', '2015-08-14 04:58:33', 0),
('55cc3c51db658', '00082', '2015-08-13', '2015-08-13 13:42:28', '192.168.5.32', '2015-08-13 22:01:08', '192.168.5.32', '', '55c871499df11', '', '00082', '2015-08-13 13:42:28', '00082', '2015-08-13 22:01:08', 0),
('55cc3c74dc13b', '00121', '2015-08-13', '2015-08-13 13:43:20', '192.168.5.31', '2015-08-13 22:01:09', '192.168.5.31', '', '55c871499df11', '', '00121', '2015-08-13 13:43:20', '00121', '2015-08-13 22:01:09', 0),
('55cd2ad66b48d', '00012', '2015-08-14', '2015-08-14 06:40:09', '192.168.5.21', '2015-08-14 16:03:11', '192.168.5.21', '', '55bf1082af74b', '', '00012', '2015-08-14 06:40:09', '00012', '2015-08-14 16:03:11', 0),
('55cd2b6ed250f', '00136', '2015-08-14', '2015-08-14 06:42:40', '192.168.5.36', '2015-08-14 16:03:29', '192.168.5.36', '', '55bf1082af74b', '', '00136', '2015-08-14 06:42:40', '00136', '2015-08-14 16:03:29', 0),
('55cd2b9123a5c', '00123', '2015-08-14', '2015-08-14 06:43:14', '192.168.5.11', '2015-08-14 22:02:46', '192.168.5.11', '', '55bf1082af74b', '', '00123', '2015-08-14 06:43:14', '00123', '2015-08-14 22:02:46', 0),
('55cd2bec6875a', '00132', '2015-08-14', '2015-08-14 06:44:45', '192.168.5.26', '2015-08-14 16:04:16', '192.168.5.26', '', '55bf1082af74b', '', '00132', '2015-08-14 06:44:45', '00132', '2015-08-14 16:04:16', 0),
('55cd2bff1a836', '00154', '2015-08-14', '2015-08-14 06:45:04', '192.168.5.25', '2015-08-14 16:02:24', '192.168.5.25', '', '55bf1082af74b', '', '00154', '2015-08-14 06:45:04', '00154', '2015-08-14 16:02:24', 0),
('55cd2c214e07c', '00019', '2015-08-14', '2015-08-14 06:45:39', '192.168.5.15', '2015-08-14 16:03:25', '192.168.5.15', '', '55bf1082af74b', '', '00019', '2015-08-14 06:45:39', '00019', '2015-08-14 16:03:25', 0),
('55cd2c34b8657', '00122', '2015-08-14', '2015-08-14 06:45:58', '192.168.5.27', '2015-08-14 16:01:38', '192.168.5.27', '', '55bf1082af74b', '', '00122', '2015-08-14 06:45:58', '00122', '2015-08-14 16:01:38', 0),
('55cd2d14a7c20', '00138', '2015-08-14', '2015-08-14 06:49:46', '192.168.5.34', '2015-08-14 16:02:07', '192.168.5.34', '', '55bf108f52d8a', '', '00138', '2015-08-14 06:49:46', '00138', '2015-08-14 16:02:07', 0),
('55cd2d20e7aa7', '00156', '2015-08-14', '2015-08-14 06:49:53', '192.168.5.22', '2015-08-14 16:39:25', '192.168.5.22', '', '55bf1082af74b', '', '00156', '2015-08-14 06:49:53', '00156', '2015-08-14 16:39:26', 0),
('55cd2dc8be4c2', '00021', '2015-08-14', '2015-08-14 06:52:42', '192.168.5.23', '2015-08-14 16:01:37', '192.168.5.23', '', '55bf1082af74b', '', '00021', '2015-08-14 06:52:42', '00021', '2015-08-14 16:01:37', 0),
('55cd2eb8b8d8b', '00081', '2015-08-14', '2015-08-14 06:56:44', '192.168.5.16', '2015-08-14 16:06:20', '192.168.5.16', '', '55bf1082af74b', '', '00081', '2015-08-14 06:56:44', '00081', '2015-08-14 16:06:20', 0),
('55cd2ec6866da', '00104', '2015-08-14', '2015-08-14 06:57:17', '192.168.5.14', '2015-08-14 16:07:14', '192.168.5.14', '', '55bf1082af74b', '', '00104', '2015-08-14 06:57:17', '00104', '2015-08-14 16:07:14', 0),
('55cd2ed017134', '00155', '2015-08-14', '2015-08-14 06:57:05', '192.168.5.28', '2015-08-14 16:03:49', '192.168.5.28', '', '55bf1082af74b', '', '00155', '2015-08-14 06:57:05', '00155', '2015-08-14 16:03:49', 0),
('55cd2f1542798', '00051', '2015-08-14', '2015-08-14 06:58:14', '192.168.5.24', '2015-08-14 16:11:28', '192.168.5.24', '', '55bf1082af74b', '', '00051', '2015-08-14 06:58:14', '00051', '2015-08-14 16:11:28', 0),
('55cd2f1aac93a', '00067', '2015-08-14', '2015-08-14 06:58:22', '192.168.5.19', '2015-08-14 16:02:40', '192.168.5.19', '', '55bf1082af74b', '', '00067', '2015-08-14 06:58:22', '00067', '2015-08-14 16:02:40', 0),
('55cd2fd292362', '00103', '2015-08-14', '2015-08-14 07:01:24', '192.168.5.18', '2015-08-14 16:03:09', '192.168.5.18', '', '55bf1082af74b', '', '00103', '2015-08-14 07:01:24', '00103', '2015-08-14 16:03:09', 0),
('55cd2fd6c7e87', '00120', '2015-08-14', '2015-08-14 07:01:30', '192.168.5.12', '2015-08-14 16:04:00', '192.168.5.12', '', '55bf1082af74b', '', '00120', '2015-08-14 07:01:30', '00120', '2015-08-14 16:04:00', 0),
('55cd31bf040ad', '00017', '2015-08-14', '2015-08-14 07:09:36', '192.168.5.42', '2015-08-14 17:05:47', '192.168.5.42', '', '55c483de2c235', '', '00017', '2015-08-14 07:09:36', '00017', '2015-08-14 17:05:47', 0),
('55cd3318bc141', '00018', '2015-08-14', '2015-08-14 07:15:23', '192.168.5.35', '2015-08-14 17:31:16', '192.168.5.35', '', '55bf108f52d8a', '', '00018', '2015-08-14 07:15:23', '00018', '2015-08-14 17:31:16', 0),
('55cd367d3d65a', '00009', '2015-08-14', '2015-08-14 07:29:56', '192.168.5.43', '2015-08-14 17:40:02', '192.168.5.43', '', '55bf108f52d8a', '', '00009', '2015-08-14 07:29:56', '00009', '2015-08-14 17:40:02', 0),
('55cd373ea8170', '00023', '2015-08-14', '2015-08-14 07:33:03', '192.168.5.55', '2015-08-14 17:14:51', '192.168.5.55', '', '55bf108f52d8a', '', '00023', '2015-08-14 07:33:03', '00023', '2015-08-14 17:14:51', 0),
('55cd3a753c971', '00024', '2015-08-14', '2015-08-14 07:46:47', '192.168.5.45', '2015-08-14 20:03:51', '192.168.5.45', '', '55bf108f52d8a', '', '00024', '2015-08-14 07:46:47', '00024', '2015-08-14 20:03:51', 0),
('55cd3acdd1f41', '00072', '2015-08-14', '2015-08-14 07:48:17', '192.168.5.54', '2015-08-14 17:10:36', '192.168.5.54', '', '55bf108f52d8a', '', '00072', '2015-08-14 07:48:17', '00072', '2015-08-14 17:10:36', 0),
('55cd3ad455b16', '00125', '2015-08-14', '2015-08-14 07:48:21', '192.168.5.64', '2015-08-14 17:07:19', '192.168.5.64', '', '55bf108f52d8a', '', '00125', '2015-08-14 07:48:21', '00125', '2015-08-14 17:07:19', 0),
('55cd3ae030c5c', '00101', '2015-08-14', '2015-08-14 07:48:33', '192.168.5.51', '2015-08-14 17:16:28', '192.168.5.51', '', '55bf108f52d8a', '', '00101', '2015-08-14 07:48:33', '00101', '2015-08-14 17:16:28', 0),
('55cd3ae07a6e3', '00157', '2015-08-14', '2015-08-14 07:48:44', '192.168.5.53', '2015-08-14 17:17:33', '192.168.5.53', '', '55bf108f52d8a', '', '00157', '2015-08-14 07:48:44', '00157', '2015-08-14 17:17:33', 0),
('55cd3af694506', '00124', '2015-08-14', '2015-08-14 07:48:55', '192.168.5.64', '2015-08-14 17:03:17', '192.168.5.63', '', '55bf108f52d8a', '', '00124', '2015-08-14 07:48:55', '00124', '2015-08-14 17:03:17', 0),
('55cd3ca449b7c', '00066', '2015-08-14', '2015-08-14 07:56:06', '192.168.5.41', '2015-08-14 17:10:00', '192.168.5.41', '', '55bf108f52d8a', '', '00066', '2015-08-14 07:56:06', '00066', '2015-08-14 17:10:00', 0),
('55cd3d1b3ac7e', '00128', '2015-08-14', '2015-08-14 07:58:04', '192.168.5.44', '2015-08-14 17:10:03', '192.168.5.44', '', '55bf108f52d8a', '', '00128', '2015-08-14 07:58:04', '00128', '2015-08-14 17:10:03', 0),
('55cd3d55a6cdc', '00065', '2015-08-14', '2015-08-14 07:59:03', '192.168.5.65', '2015-08-14 17:07:20', '192.168.5.65', '', '55bf108f52d8a', '', '00065', '2015-08-14 07:59:03', '00065', '2015-08-14 17:07:20', 0),
('55cd3e3ce78cb', '00079', '2015-08-14', '2015-08-14 08:02:54', '192.168.5.61', '2015-08-14 17:07:28', '192.168.5.61', '', '55bf108f52d8a', '', '00079', '2015-08-14 08:02:54', '00079', '2015-08-14 17:07:28', 0),
('55cd47b1b7bf3', '00135', '2015-08-14', '2015-08-14 08:43:15', '192.168.5.13', '2015-08-14 16:01:24', '192.168.5.13', '', '55bf1082af74b', '', '00135', '2015-08-14 08:43:15', '00135', '2015-08-14 16:01:24', 0),
('55cd8a5e3015d', '00121', '2015-08-14', '2015-08-14 13:27:53', '192.168.5.31', '2015-08-14 23:18:08', '192.168.5.31', '', '55c871499df11', '', '00121', '2015-08-14 13:27:53', '00121', '2015-08-14 23:18:08', 0),
('55cd8ec9304c5', '00082', '2015-08-14', '2015-08-14 13:46:34', '192.168.5.32', '2015-08-14 23:13:41', '192.168.5.32', '', '55c871499df11', '', '00082', '2015-08-14 13:46:34', '00082', '2015-08-14 23:13:41', 0),
('55cdc09e4c848', '00074', '2015-08-14', '2015-08-14 17:19:12', '192.168.5.69', '0000-00-00 00:00:00', '', '', '55c483de2c235', '05.00', '00074', '2015-08-14 17:19:12', '', '2015-08-17 02:07:16', 0),
('55ceed37a428d', '00079', '2015-08-15', '2015-08-15 14:41:44', '192.168.5.61', '2015-08-15 16:42:29', '192.168.5.61', '', '55bf108f52d8a', '', '00079', '2015-08-15 14:41:44', '00079', '2015-08-15 16:42:29', 0),
('55d0997bed2ce', '00079', '2015-08-16', '2015-08-16 21:09:00', '192.168.5.61', '2015-08-16 22:14:13', '192.168.5.61', '', '55bf108f52d8a', '', '00079', '2015-08-16 21:09:00', '00079', '2015-08-16 22:14:13', 0),
('55d11fb51a4c7', '00019', '2015-08-17', '2015-08-17 06:41:44', '192.168.5.15', '2015-08-17 16:27:19', '192.168.5.15', '', '55bf1082af74b', '', '00019', '2015-08-17 06:41:44', '00019', '2015-08-17 16:27:19', 0),
('55d11ff3734fa', '00135', '2015-08-17', '2015-08-17 06:42:44', '192.168.5.13', '2015-08-17 16:07:22', '192.168.5.13', '', '55bf1082af74b', '', '00135', '2015-08-17 06:42:44', '00135', '2015-08-17 16:07:22', 0),
('55d1202fc1e62', '00132', '2015-08-17', '2015-08-17 06:43:45', '192.168.5.26', '2015-08-17 22:02:19', '192.168.5.26', '', '55bf1082af74b', '', '00132', '2015-08-17 06:43:45', '00132', '2015-08-17 22:02:19', 0),
('55d12073b9b8e', '00012', '2015-08-17', '2015-08-17 06:44:53', '192.168.5.21', '2015-08-17 16:27:14', '192.168.5.21', '', '55bf1082af74b', '', '00012', '2015-08-17 06:44:53', '00012', '2015-08-17 16:27:14', 0),
('55d120f00a4a1', '00138', '2015-08-17', '2015-08-17 06:46:57', '192.168.5.34', '2015-08-17 16:02:39', '192.168.5.34', '', '55bf108f52d8a', '', '00138', '2015-08-17 06:46:57', '00138', '2015-08-17 16:02:39', 0),
('55d1216c94e22', '00154', '2015-08-17', '2015-08-17 06:49:03', '192.168.5.25', '2015-08-17 16:12:45', '192.168.5.25', '', '55bf1082af74b', '', '00154', '2015-08-17 06:49:03', '00154', '2015-08-17 16:12:45', 0),
('55d12216a4bd1', '00136', '2015-08-17', '2015-08-17 06:51:57', '192.168.5.36', '2015-08-17 16:02:51', '192.168.5.36', '', '55bf1082af74b', '', '00136', '2015-08-17 06:51:57', '00136', '2015-08-17 16:02:51', 0),
('55d12294643f9', '00021', '2015-08-17', '2015-08-17 06:53:57', '192.168.5.23', '2015-08-17 16:25:58', '192.168.5.23', '', '55bf1082af74b', '', '00021', '2015-08-17 06:53:57', '00021', '2015-08-17 16:25:58', 0),
('55d1229e83ce8', '00067', '2015-08-17', '2015-08-17 06:54:08', '192.168.5.19', '2015-08-17 16:05:48', '192.168.5.19', '', '55bf1082af74b', '', '00067', '2015-08-17 06:54:08', '00067', '2015-08-17 16:05:48', 0),
('55d1230f1085d', '00051', '2015-08-17', '2015-08-17 06:56:01', '192.168.5.24', '2015-08-17 16:27:46', '192.168.5.24', '', '55bf1082af74b', '', '00051', '2015-08-17 06:56:01', '00051', '2015-08-17 16:27:46', 0),
('55d1240f1f93e', '00081', '2015-08-17', '2015-08-17 07:00:17', '192.168.5.16', '2015-08-17 16:27:49', '192.168.5.16', '', '55bf1082af74b', '', '00081', '2015-08-17 07:00:17', '00081', '2015-08-17 16:27:49', 0),
('55d1242bdcaf0', '00103', '2015-08-17', '2015-08-17 07:00:47', '192.168.5.18', '2015-08-17 16:07:17', '192.168.5.18', '', '55bf1082af74b', '', '00103', '2015-08-17 07:00:47', '00103', '2015-08-17 16:07:17', 0),
('55d1244a94611', '00120', '2015-08-17', '2015-08-17 07:01:16', '192.168.5.12', '2015-08-17 16:21:20', '192.168.5.12', '', '55bf1082af74b', '', '00120', '2015-08-17 07:01:16', '00120', '2015-08-17 16:21:20', 0),
('55d1245b296e2', '00121', '2015-08-17', '2015-08-17 07:01:34', '192.168.5.31', '2015-08-17 16:02:24', '192.168.5.31', '', '55c871499df11', '', '00121', '2015-08-17 07:01:34', '00121', '2015-08-17 16:02:24', 0),
('55d124616b419', '00155', '2015-08-17', '2015-08-17 07:01:38', '192.168.5.28', '2015-08-17 16:30:30', '192.168.5.28', '', '55bf1082af74b', '', '00155', '2015-08-17 07:01:38', '00155', '2015-08-17 16:30:30', 0),
('55d1248376b13', '00082', '2015-08-17', '2015-08-17 07:02:12', '192.168.5.32', '2015-08-17 16:10:45', '192.168.5.32', '', '55c871499df11', '', '00082', '2015-08-17 07:02:12', '00082', '2015-08-17 16:10:45', 0),
('55d124d808415', '00122', '2015-08-17', '2015-08-17 07:03:37', '192.168.5.27', '2015-08-17 16:27:26', '192.168.5.27', '', '55bf1082af74b', '', '00122', '2015-08-17 07:03:37', '00122', '2015-08-17 16:27:26', 0),
('55d125dc516d5', '00156', '2015-08-17', '2015-08-17 07:07:57', '192.168.5.22', '0000-00-00 00:00:00', '', '', '55bf1082af74b', '', '00156', '2015-08-17 07:07:57', '', '0000-00-00 00:00:00', 0),
('55d127551bc27', '00104', '2015-08-17', '2015-08-17 07:14:21', '192.168.5.14', '2015-08-17 16:35:59', '192.168.5.14', '', '55bf1082af74b', '', '00104', '2015-08-17 07:14:21', '00104', '2015-08-17 16:35:59', 0),
('55d12842ca6dd', '00018', '2015-08-17', '2015-08-17 07:18:12', '192.168.5.35', '2015-08-17 17:17:02', '192.168.5.35', '', '55bf108f52d8a', '', '00018', '2015-08-17 07:18:12', '00018', '2015-08-17 17:17:02', 0),
('55d12c1da265c', '00009', '2015-08-17', '2015-08-17 07:34:41', '192.168.5.43', '2015-08-17 17:04:25', '192.168.5.43', '', '55bf108f52d8a', '', '00009', '2015-08-17 07:34:41', '00009', '2015-08-17 17:04:25', 0),
('55d12c6999d7d', '00079', '2015-08-17', '2015-08-17 07:35:55', '192.168.5.61', '2015-08-17 17:16:28', '192.168.5.61', '', '55bf108f52d8a', '', '00079', '2015-08-17 07:35:55', '00079', '2015-08-17 17:16:28', 0),
('55d12c8c3a3b4', '00159', '2015-08-17', '2015-08-17 07:36:30', '192.168.5.33', '2015-08-17 17:15:12', '192.168.5.33', '', '55bf108f52d8a', '', '00159', '2015-08-17 07:36:30', '00159', '2015-08-17 17:15:12', 0),
('55d12c965e331', '00133', '2015-08-17', '2015-08-17 07:36:41', '192.168.5.71', '2015-08-17 17:13:20', '192.168.5.71', '', '55bf108f52d8a', '', '00133', '2015-08-17 07:36:41', '00133', '2015-08-17 17:13:20', 0),
('55d12cf24fbde', '00023', '2015-08-17', '2015-08-17 07:38:15', '192.168.5.55', '2015-08-17 17:03:19', '192.168.5.55', '', '55bf108f52d8a', '', '00023', '2015-08-17 07:38:15', '00023', '2015-08-17 17:03:19', 0),
('55d12da0d91f9', '00101', '2015-08-17', '2015-08-17 07:41:06', '192.168.5.51', '2015-08-17 17:12:31', '192.168.5.51', '', '55bf108f52d8a', '', '00101', '2015-08-17 07:41:06', '00101', '2015-08-17 17:12:31', 0),
('55d12e28e446e', '00024', '2015-08-17', '2015-08-17 07:43:22', '192.168.5.45', '2015-08-17 17:09:35', '192.168.5.45', '', '55bf108f52d8a', '', '00024', '2015-08-17 07:43:22', '00024', '2015-08-17 17:09:35', 0),
('55d12e74ec0ec', '00125', '2015-08-17', '2015-08-17 07:44:38', '192.168.5.64', '2015-08-17 17:05:56', '192.168.5.64', '', '55bf108f52d8a', '', '00125', '2015-08-17 07:44:38', '00125', '2015-08-17 17:05:56', 0),
('55d12e7d251f9', '00124', '2015-08-17', '2015-08-17 07:44:46', '192.168.5.63', '2015-08-17 17:03:34', '192.168.5.63', '', '55bf108f52d8a', '', '00124', '2015-08-17 07:44:46', '00124', '2015-08-17 17:03:34', 0),
('55d12eb7e71e5', '00072', '2015-08-17', '2015-08-17 07:45:50', '192.168.5.54', '2015-08-17 17:08:07', '192.168.5.54', '', '55bf108f52d8a', '', '00072', '2015-08-17 07:45:50', '00072', '2015-08-17 17:08:07', 0),
('55d131e3884b0', '00066', '2015-08-17', '2015-08-17 07:59:17', '192.168.5.41', '2015-08-17 17:08:05', '192.168.5.41', '', '55bf108f52d8a', '', '00066', '2015-08-17 07:59:17', '00066', '2015-08-17 17:08:05', 0),
('55d131e8bb64d', '00065', '2015-08-17', '2015-08-17 07:59:22', '192.168.5.65', '2015-08-17 17:05:35', '192.168.5.65', '', '55bf108f52d8a', '', '00065', '2015-08-17 07:59:22', '00065', '2015-08-17 17:05:35', 0),
('55d132280cef4', '00157', '2015-08-17', '2015-08-17 08:00:25', '192.168.5.53', '2015-08-17 17:12:46', '192.168.5.53', '', '55bf108f52d8a', '', '00157', '2015-08-17 08:00:25', '00157', '2015-08-17 17:12:46', 0),
('55d1327a88373', '00128', '2015-08-17', '2015-08-17 08:01:47', '192.168.5.44', '2015-08-17 17:05:39', '192.168.5.44', '', '55bf108f52d8a', '', '00128', '2015-08-17 08:01:47', '00128', '2015-08-17 17:05:39', 0),
('55d13de74ef05', '00123', '2015-08-17', '2015-08-17 08:50:34', '192.168.5.11', '2015-08-17 16:25:18', '192.168.5.11', '', '55bf1082af74b', 'Dayshift on friday', '00123', '2015-08-17 08:50:34', '00123', '2015-08-17 16:25:18', 0),
('55d26110b6047', '00074', '2015-08-18', '2015-08-18 05:32:51', '192.168.5.69', '2015-08-19 05:11:52', '192.168.5.69', '', '55c483de2c235', '', '00074', '2015-08-18 05:32:51', '00074', '2015-08-19 05:11:52', 0),
('55d27082b2d0b', '00136', '2015-08-18', '2015-08-18 06:38:45', '192.168.5.36', '2015-08-18 16:04:34', '192.168.5.36', '', '55bf1082af74b', '', '00136', '2015-08-18 06:38:45', '00136', '2015-08-18 16:04:34', 0),
('55d270b264853', '00135', '2015-08-18', '2015-08-18 06:39:32', '192.168.5.13', '2015-08-18 16:01:07', '192.168.5.13', '', '55bf1082af74b', '', '00135', '2015-08-18 06:39:32', '00135', '2015-08-18 16:01:07', 0),
('55d270d5554d9', '00154', '2015-08-18', '2015-08-18 06:40:07', '192.168.5.25', '2015-08-18 16:02:37', '192.168.5.25', '', '55bf1082af74b', '', '00154', '2015-08-18 06:40:07', '00154', '2015-08-18 16:02:37', 0),
('55d2714c675c7', '00012', '2015-08-18', '2015-08-18 06:42:06', '192.168.5.21', '2015-08-18 16:02:21', '192.168.5.21', '', '55bf1082af74b', '', '00012', '2015-08-18 06:42:06', '00012', '2015-08-18 16:02:21', 0),
('55d272507381f', '00019', '2015-08-18', '2015-08-18 06:46:27', '192.168.5.15', '2015-08-18 16:02:19', '192.168.5.15', '', '55bf1082af74b', '', '00019', '2015-08-18 06:46:27', '00019', '2015-08-18 16:02:19', 0),
('55d2725ee5e4c', '00138', '2015-08-18', '2015-08-18 06:46:40', '192.168.5.34', '2015-08-18 16:04:16', '192.168.5.34', '', '55bf108f52d8a', '', '00138', '2015-08-18 06:46:40', '00138', '2015-08-18 16:04:16', 0),
('55d27266e0d4f', '00123', '2015-08-18', '2015-08-18 06:46:48', '192.168.5.11', '2015-08-18 22:02:36', '192.168.5.11', '', '55bf1082af74b', '', '00123', '2015-08-18 06:46:48', '00123', '2015-08-18 22:02:36', 0),
('55d272854680b', '00156', '2015-08-18', '2015-08-18 06:47:18', '192.168.5.22', '2015-08-18 16:06:55', '192.168.5.22', '', '55bf1082af74b', '', '00156', '2015-08-18 06:47:18', '00156', '2015-08-18 16:06:55', 0),
('55d273169692a', '00021', '2015-08-18', '2015-08-18 06:49:44', '192.168.5.23', '2015-08-18 16:02:01', '192.168.5.23', '', '55bf1082af74b', '', '00021', '2015-08-18 06:49:44', '00021', '2015-08-18 16:02:01', 0),
('55d2731ba1333', '00104', '2015-08-18', '2015-08-18 06:49:49', '192.168.5.14', '2015-08-18 16:02:41', '192.168.5.14', '', '55bf1082af74b', '', '00104', '2015-08-18 06:49:49', '00104', '2015-08-18 16:02:41', 0),
('55d27351b2b28', '00067', '2015-08-18', '2015-08-18 06:50:44', '192.168.5.19', '2015-08-18 16:02:22', '192.168.5.19', '', '55bf1082af74b', '', '00067', '2015-08-18 06:50:44', '00067', '2015-08-18 16:02:22', 0),
('55d273b05672e', '00051', '2015-08-18', '2015-08-18 06:52:18', '192.168.5.24', '2015-08-18 16:04:50', '192.168.5.24', '', '55bf1082af74b', '', '00051', '2015-08-18 06:52:18', '00051', '2015-08-18 16:04:50', 0),
('55d273b0b9059', '00082', '2015-08-18', '2015-08-18 06:52:18', '192.168.5.32', '2015-08-18 16:04:26', '192.168.5.32', '', '55bf108f52d8a', '', '00082', '2015-08-18 06:52:18', '00082', '2015-08-18 16:04:26', 0),
('55d2750eeb462', '00121', '2015-08-18', '2015-08-18 06:58:08', '192.168.5.31', '2015-08-18 16:06:09', '192.168.5.31', '', '55bf108f52d8a', '', '00121', '2015-08-18 06:58:08', '00121', '2015-08-18 16:06:09', 0),
('55d27510d479c', '00155', '2015-08-18', '2015-08-18 06:58:09', '192.168.5.28', '2015-08-18 16:03:25', '192.168.5.28', '', '55bf1082af74b', '', '00155', '2015-08-18 06:58:09', '00155', '2015-08-18 16:03:25', 0),
('55d275153f6ac', '00017', '2015-08-18', '2015-08-18 06:58:15', '192.168.5.42', '0000-00-00 00:00:00', '', '', '55c483de2c235', '17.00', '00017', '2015-08-18 06:58:15', '00017', '2015-08-19 06:47:26', 0),
('55d275176e66e', '00017', '2015-08-17', '0000-00-00 00:00:00', '', '0000-00-00 00:00:00', '', '', '', 'เข้า 9.00-17.00', '', '0000-00-00 00:00:00', '00017', '2015-08-18 06:59:11', 0),
('55d275182dd0f', '00081', '2015-08-18', '2015-08-18 06:58:22', '192.168.5.16', '2015-08-18 16:05:42', '192.168.5.16', '', '55bf1082af74b', '', '00081', '2015-08-18 06:58:22', '00081', '2015-08-18 16:05:42', 0),
('55d27566f3cb8', '00158', '2015-08-18', '2015-08-18 06:59:49', '192.168.5.17', '2015-08-18 16:01:30', '192.168.5.17', '', '55bf1082af74b', '', '00158', '2015-08-18 06:59:49', '00158', '2015-08-18 16:01:30', 0),
('55d275e63b7a3', '00122', '2015-08-18', '2015-08-18 07:01:43', '192.168.5.27', '2015-08-18 16:02:05', '192.168.5.27', '', '55bf1082af74b', '', '00122', '2015-08-18 07:01:43', '00122', '2015-08-18 16:02:05', 0),
('55d275fe58f90', '00103', '2015-08-18', '2015-08-18 07:02:09', '192.168.5.18', '2015-08-18 16:03:15', '192.168.5.18', '', '55bf1082af74b', '', '00103', '2015-08-18 07:02:09', '00103', '2015-08-18 16:03:15', 0),
('55d2765e7b6eb', '00120', '2015-08-18', '2015-08-18 07:03:44', '192.168.5.12', '2015-08-18 16:03:35', '192.168.5.12', '', '55bf1082af74b', '', '00120', '2015-08-18 07:03:44', '00120', '2015-08-18 16:03:35', 0),
('55d278c3495a3', '00133', '2015-08-18', '2015-08-18 07:13:56', '192.168.5.71', '2015-08-18 17:04:07', '192.168.5.71', '', '55bf108f52d8a', '', '00133', '2015-08-18 07:13:56', '00133', '2015-08-18 17:04:07', 0),
('55d27ab753fc2', '00018', '2015-08-18', '2015-08-18 07:22:17', '192.168.5.35', '2015-08-18 17:28:51', '192.168.5.35', '', '55bf108f52d8a', '', '00018', '2015-08-18 07:22:17', '00018', '2015-08-18 17:28:51', 0);
INSERT INTO `t_stamp` (`stamp_id`, `stamp_uid`, `stamp_date`, `stamp_start`, `stamp_start_ip`, `stamp_stop`, `stamp_stop_ip`, `reason_id`, `work_shift_id`, `stamp_note`, `create_user`, `create_date`, `update_user`, `update_date`, `is_delete`) VALUES
('55d27adb28dce', '00009', '2015-08-18', '2015-08-18 07:22:57', '192.168.5.43', '2015-08-18 17:02:09', '192.168.5.43', '', '55bf108f52d8a', '', '00009', '2015-08-18 07:22:57', '00009', '2015-08-18 17:02:09', 0),
('55d27b13ecac2', '00023', '2015-08-18', '2015-08-18 07:23:54', '192.168.5.55', '2015-08-18 17:03:53', '192.168.5.55', '', '55bf108f52d8a', '', '00023', '2015-08-18 07:23:54', '00023', '2015-08-18 17:03:53', 0),
('55d27f221e3d5', '00024', '2015-08-18', '2015-08-18 07:41:07', '192.168.5.45', '2015-08-18 18:37:28', '192.168.5.45', '', '55bf108f52d8a', '', '00024', '2015-08-18 07:41:07', '00024', '2015-08-18 18:37:28', 0),
('55d27f50cca03', '00125', '2015-08-18', '2015-08-18 07:42:01', '192.168.5.64', '2015-08-18 17:05:34', '192.168.5.64', '', '55bf108f52d8a', '', '00125', '2015-08-18 07:42:01', '00125', '2015-08-18 17:05:34', 0),
('55d27f71dbd51', '00124', '2015-08-18', '2015-08-18 07:42:27', '192.168.5.63', '2015-08-18 17:04:28', '192.168.5.63', '', '55bf108f52d8a', '', '00124', '2015-08-18 07:42:27', '00124', '2015-08-18 17:04:28', 0),
('55d2813fde9dd', '00159', '2015-08-18', '2015-08-18 07:50:10', '192.168.5.33', '2015-08-18 17:11:42', '192.168.5.33', '', '55bf108f52d8a', '', '00159', '2015-08-18 07:50:10', '00159', '2015-08-18 17:11:42', 0),
('55d281ac7ff2c', '00101', '2015-08-18', '2015-08-18 07:51:58', '192.168.5.51', '2015-08-18 17:15:31', '192.168.5.51', '', '55bf108f52d8a', '', '00101', '2015-08-18 07:51:58', '00101', '2015-08-18 17:15:31', 0),
('55d281e067120', '00157', '2015-08-18', '2015-08-18 07:52:51', '192.168.5.53', '2015-08-18 17:16:27', '192.168.5.53', '', '55bf108f52d8a', '', '00157', '2015-08-18 07:52:51', '00157', '2015-08-18 17:16:27', 0),
('55d2834345ec0', '00066', '2015-08-18', '2015-08-18 07:58:45', '192.168.5.41', '2015-08-18 17:06:40', '192.168.5.41', '', '55bf108f52d8a', '', '00066', '2015-08-18 07:58:45', '00066', '2015-08-18 17:06:40', 0),
('55d283c9de54b', '00065', '2015-08-18', '2015-08-18 08:00:59', '192.168.5.65', '2015-08-18 17:11:06', '192.168.5.65', '', '55bf108f52d8a', '', '00065', '2015-08-18 08:00:59', '00065', '2015-08-18 17:11:06', 0),
('55d283fae793a', '00079', '2015-08-18', '2015-08-18 08:01:49', '192.168.5.61', '2015-08-18 17:10:46', '192.168.5.61', '', '55bf108f52d8a', '', '00079', '2015-08-18 08:01:49', '00079', '2015-08-18 17:10:46', 0),
('55d28f06d4868', '00132', '2015-08-18', '2015-08-18 08:48:55', '192.168.5.26', '2015-08-18 16:01:30', '192.168.5.26', '', '55bf1082af74b', '', '00132', '2015-08-18 08:48:55', '00132', '2015-08-18 16:01:30', 0),
('55d2db09b0c7c', '00072', '2015-08-18', '1970-01-01 07:45:50', 'BZPTY-54WS.baezeni.c', '2015-08-18 17:09:20', 'BZPTY-54WS.baezeni.c', '', '55bf108f52d8a', '', '00072', '2015-08-18 14:13:17', '', '2015-08-19 15:11:48', 0),
('55d3c0aeb78a5', '00012', '2015-08-19', '2015-08-19 06:33:04', '192.168.5.21', '2015-08-19 16:06:14', '192.168.5.21', '', '55bf1082af74b', '', '00012', '2015-08-19 06:33:04', '00012', '2015-08-19 16:06:14', 0),
('55d3c11382e12', '00135', '2015-08-19', '2015-08-19 06:34:45', '192.168.5.13', '2015-08-19 22:08:17', '192.168.5.13', '', '55bf1082af74b', 'Day shitt', '00135', '2015-08-19 06:34:45', '00135', '2015-08-19 22:08:23', 0),
('55d3c1cf6cc8b', '00136', '2015-08-19', '2015-08-19 06:37:54', '192.168.5.36', '2015-08-19 16:02:59', '192.168.5.36', '', '55bf1082af74b', '', '00136', '2015-08-19 06:37:54', '00136', '2015-08-19 16:02:59', 0),
('55d3c2bb4d32b', '00021', '2015-08-19', '2015-08-19 06:41:49', '192.168.5.23', '2015-08-19 16:02:59', '192.168.5.23', '', '55bf1082af74b', '', '00021', '2015-08-19 06:41:49', '00021', '2015-08-19 16:02:59', 0),
('55d3c303ecd97', '00156', '2015-08-19', '2015-08-19 06:43:00', '192.168.5.22', '2015-08-19 16:41:30', '192.168.5.22', '', '55bf1082af74b', '', '00156', '2015-08-19 06:43:00', '00156', '2015-08-19 16:41:30', 0),
('55d3c38dd6a70', '00132', '2015-08-19', '2015-08-19 06:45:18', '192.168.5.26', '2015-08-19 16:03:05', '192.168.5.26', '', '55bf1082af74b', '', '00132', '2015-08-19 06:45:18', '00132', '2015-08-19 16:03:05', 0),
('55d3c3b4745d9', '00154', '2015-08-19', '2015-08-19 06:45:57', '192.168.5.25', '2015-08-19 16:04:57', '192.168.5.25', '', '55bf1082af74b', '', '00154', '2015-08-19 06:45:57', '00154', '2015-08-19 16:04:57', 0),
('55d3c3ed89c52', '00017', '2015-08-19', '2015-08-19 06:47:05', '192.168.5.42', '2015-08-19 17:20:37', '192.168.5.42', '', '55c483de2c235', '', '00017', '2015-08-19 06:47:05', '00017', '2015-08-19 17:20:37', 0),
('55d3c46ada2de', '00051', '2015-08-19', '2015-08-19 06:49:01', '192.168.5.24', '2015-08-19 16:10:44', '192.168.5.24', '', '55bf1082af74b', '', '00051', '2015-08-19 06:49:01', '00051', '2015-08-19 16:10:44', 0),
('55d3c4965b611', '00019', '2015-08-19', '2015-08-19 06:49:44', '192.168.5.15', '2015-08-19 16:05:33', '192.168.5.15', '', '55bf1082af74b', '', '00019', '2015-08-19 06:49:44', '00019', '2015-08-19 16:05:33', 0),
('55d3c4a37f7cd', '00082', '2015-08-19', '2015-08-19 06:49:59', '192.168.5.32', '2015-08-19 16:02:33', '192.168.5.32', '', '55bf108f52d8a', '', '00082', '2015-08-19 06:49:59', '00082', '2015-08-19 16:02:33', 0),
('55d3c4e85a0e2', '00138', '2015-08-19', '2015-08-19 06:51:05', '192.168.5.34', '2015-08-19 16:01:31', '192.168.5.34', '', '55bf108f52d8a', '', '00138', '2015-08-19 06:51:05', '00138', '2015-08-19 16:01:31', 0),
('55d3c58f2a73f', '00067', '2015-08-19', '2015-08-19 06:53:52', '192.168.5.19', '2015-08-19 16:03:06', '192.168.5.19', '', '55bf1082af74b', '', '00067', '2015-08-19 06:53:52', '00067', '2015-08-19 16:03:06', 0),
('55d3c622a03a2', '00158', '2015-08-19', '2015-08-19 06:56:20', '192.168.5.17', '2015-08-19 16:03:26', '192.168.5.17', '', '55bf1082af74b', '', '00158', '2015-08-19 06:56:20', '00158', '2015-08-19 16:03:26', 0),
('55d3c67d00537', '00081', '2015-08-19', '2015-08-19 06:57:52', '192.168.5.16', '2015-08-19 16:09:47', '192.168.5.16', '', '55bf1082af74b', '', '00081', '2015-08-19 06:57:52', '00081', '2015-08-19 16:09:47', 0),
('55d3c69dd27ef', '00103', '2015-08-19', '2015-08-19 06:58:22', '192.168.5.18', '2015-08-19 16:02:46', '192.168.5.18', '', '55bf1082af74b', '', '00103', '2015-08-19 06:58:22', '00103', '2015-08-19 16:02:46', 0),
('55d3c703619c3', '00104', '2015-08-19', '2015-08-19 07:00:04', '192.168.5.14', '2015-08-19 16:07:47', '192.168.5.14', '', '55bf1082af74b', '', '00104', '2015-08-19 07:00:04', '00104', '2015-08-19 16:07:47', 0),
('55d3c780ce645', '00101', '2015-08-19', '2015-08-19 07:02:10', '192.168.5.51', '2015-08-19 19:09:20', '192.168.5.51', '', '55bf108f52d8a', '', '00101', '2015-08-19 07:02:10', '00101', '2015-08-19 19:09:20', 0),
('55d3c806434e7', '00120', '2015-08-19', '2015-08-19 07:04:23', '192.168.5.12', '2015-08-19 16:07:40', '192.168.5.12', '', '55bf1082af74b', '', '00120', '2015-08-19 07:04:23', '00120', '2015-08-19 16:07:40', 0),
('55d3c81b6f5f1', '00121', '2015-08-19', '2015-08-19 07:04:44', '192.168.5.31', '2015-08-19 16:04:35', '192.168.5.31', '', '55bf108f52d8a', '', '00121', '2015-08-19 07:04:44', '00121', '2015-08-19 16:04:35', 0),
('55d3c8288c3bb', '00155', '2015-08-19', '2015-08-19 07:04:57', '192.168.5.28', '2015-08-19 16:02:17', '192.168.5.28', '', '55bf1082af74b', '', '00155', '2015-08-19 07:04:57', '00155', '2015-08-19 16:02:18', 0),
('55d3c9fa8116b', '00133', '2015-08-19', '2015-08-19 07:12:44', '192.168.5.71', '2015-08-19 17:03:44', '192.168.5.71', '', '55bf108f52d8a', '', '00133', '2015-08-19 07:12:44', '00133', '2015-08-19 17:03:44', 0),
('55d3cce703aeb', '00009', '2015-08-19', '2015-08-19 07:25:13', '192.168.5.43', '2015-08-19 17:04:32', '192.168.5.43', '', '55bf108f52d8a', '', '00009', '2015-08-19 07:25:13', '00009', '2015-08-19 17:04:32', 0),
('55d3cd66ec527', '00023', '2015-08-19', '2015-08-19 07:27:56', '192.168.5.55', '2015-08-19 17:03:45', '192.168.5.55', '', '55bf108f52d8a', '', '00023', '2015-08-19 07:27:56', '00023', '2015-08-19 17:03:45', 0),
('55d3cdf05758e', '00018', '2015-08-19', '2015-08-19 07:29:37', '192.168.5.35', '2015-08-19 17:16:24', '192.168.5.35', '', '55bf108f52d8a', '', '00018', '2015-08-19 07:29:37', '00018', '2015-08-19 17:16:24', 0),
('55d3d0d00d3d4', '00024', '2015-08-19', '2015-08-19 07:41:53', '192.168.5.45', '2015-08-19 17:08:55', '192.168.5.45', '', '55bf108f52d8a', '', '00024', '2015-08-19 07:41:53', '00024', '2015-08-19 17:08:55', 0),
('55d3d0d178323', '00072', '2015-08-19', '2015-08-19 07:41:59', '192.168.5.54', '2015-08-19 17:06:54', 'BZPTY-54WS.baezeni.c', '', '55bf108f52d8a', '', '00072', '2015-08-19 07:41:59', '00072', '2015-08-19 17:06:54', 0),
('55d3d1be04a97', '00079', '2015-08-19', '2015-08-19 07:46:01', '192.168.5.61', '2015-08-19 17:06:29', '192.168.5.61', '', '55bf108f52d8a', '', '00079', '2015-08-19 07:46:01', '00079', '2015-08-19 17:06:29', 0),
('55d3d1c9d486b', '00159', '2015-08-19', '2015-08-19 07:46:03', '192.168.5.33', '2015-08-19 17:09:50', '192.168.5.33', '', '55bf108f52d8a', '', '00159', '2015-08-19 07:46:03', '00159', '2015-08-19 17:09:50', 0),
('55d3d1cac5142', '00124', '2015-08-19', '2015-08-19 07:46:24', '192.168.5.63', '0000-00-00 00:00:00', '192.168.5.63', '', '55bf108f52d8a', 'ลืมกด stop', '00124', '2015-08-19 07:46:24', '00124', '2015-08-20 07:42:57', 0),
('55d3d1dbc401f', '00125', '2015-08-19', '2015-08-19 07:46:30', '192.168.5.64', '2015-08-19 17:21:22', '192.168.5.64', '', '55bf108f52d8a', '', '00125', '2015-08-19 07:46:30', '00125', '2015-08-19 17:21:22', 0),
('55d3d2a6e9dfc', '00066', '2015-08-19', '2015-08-19 07:49:52', '192.168.5.41', '2015-08-19 17:07:16', '192.168.5.41', '', '55bf108f52d8a', '', '00066', '2015-08-19 07:49:52', '00066', '2015-08-19 17:07:16', 0),
('55d3d2b59ee7c', '00157', '2015-08-19', '2015-08-19 07:50:03', '192.168.5.53', '2015-08-19 17:09:22', '192.168.5.53', '', '55bf108f52d8a', '', '00157', '2015-08-19 07:50:03', '00157', '2015-08-19 17:09:22', 0),
('55d3d311e01b7', '00128', '2015-08-19', '2015-08-19 07:51:31', '192.168.5.44', '2015-08-19 17:08:34', '192.168.5.44', '', '55bf108f52d8a', '', '00128', '2015-08-19 07:51:31', '00128', '2015-08-19 17:08:34', 0),
('55d3d5336a134', '00065', '2015-08-19', '2015-08-19 08:00:36', '192.168.5.65', '2015-08-19 17:09:56', '192.168.5.65', '', '55bf108f52d8a', '', '00065', '2015-08-19 08:00:36', '00065', '2015-08-19 17:09:56', 0),
('55d3d541305d7', '00122', '2015-08-19', '2015-08-19 08:00:50', '192.168.5.27', '2015-08-19 16:03:17', '192.168.5.27', '', '55bf1082af74b', '', '00122', '2015-08-19 08:00:50', '00122', '2015-08-19 16:03:17', 0),
('55d3e0d9ac163', '00123', '2015-08-19', '2015-08-19 08:50:19', '192.168.5.11', '2015-08-19 16:02:34', '192.168.5.11', '', '55bf1082af74b', '', '00123', '2015-08-19 08:50:19', '00123', '2015-08-19 16:02:34', 0),
('55d4246e6629c', '00074', '2015-08-19', '2015-08-19 13:38:39', '192.168.5.69', '2015-08-20 04:56:49', '192.168.5.69', '', '55c483de2c235', '', '00074', '2015-08-19 13:38:39', '00074', '2015-08-20 04:56:49', 0),
('55d513069770d', '00012', '2015-08-20', '2015-08-20 06:36:40', '192.168.5.21', '2015-08-20 16:06:15', '192.168.5.21', '', '55bf1082af74b', '', '00012', '2015-08-20 06:36:40', '00012', '2015-08-20 16:06:15', 0),
('55d5134c12706', '00132', '2015-08-20', '2015-08-20 06:37:49', '192.168.5.26', '2015-08-20 16:02:55', '192.168.5.26', '', '55bf1082af74b', '', '00132', '2015-08-20 06:37:49', '00132', '2015-08-20 16:02:55', 0),
('55d5143e47583', '00154', '2015-08-20', '2015-08-20 06:41:53', '192.168.5.25', '2015-08-20 16:04:19', '192.168.5.25', '', '55bf1082af74b', '', '00154', '2015-08-20 06:41:53', '00154', '2015-08-20 16:04:19', 0),
('55d5146cde798', '00123', '2015-08-20', '2015-08-20 06:42:38', '192.168.5.11', '2015-08-20 16:10:08', '192.168.5.11', '', '55bf1082af74b', '', '00123', '2015-08-20 06:42:38', '00123', '2015-08-20 16:10:08', 0),
('55d5147be83d4', '00136', '2015-08-20', '2015-08-20 06:42:54', '192.168.5.36', '2015-08-20 16:02:53', '192.168.5.36', '', '55bf1082af74b', '', '00136', '2015-08-20 06:42:54', '00136', '2015-08-20 16:02:53', 0),
('55d5151772bc8', '00019', '2015-08-20', '2015-08-20 06:45:29', '192.168.5.15', '2015-08-20 16:05:23', '192.168.5.15', '', '55bf1082af74b', '', '00019', '2015-08-20 06:45:29', '00019', '2015-08-20 16:05:23', 0),
('55d5152299bdb', '00021', '2015-08-20', '2015-08-20 06:45:44', '192.168.5.23', '2015-08-20 16:00:37', '192.168.5.23', '', '55bf1082af74b', '', '00021', '2015-08-20 06:45:44', '00021', '2015-08-20 16:00:37', 0),
('55d51580b2be9', '00082', '2015-08-20', '2015-08-20 06:47:20', '192.168.5.32', '2015-08-20 16:07:07', '192.168.5.32', '', '55bf108f52d8a', '', '00082', '2015-08-20 06:47:20', '00082', '2015-08-20 16:07:07', 0),
('55d515c9c91b6', '00138', '2015-08-20', '2015-08-20 06:48:28', '192.168.5.34', '2015-08-20 16:01:41', '192.168.5.34', '', '55bf108f52d8a', '', '00138', '2015-08-20 06:48:28', '00138', '2015-08-20 16:01:41', 0),
('55d5168d85183', '00122', '2015-08-20', '2015-08-20 06:51:48', '192.168.5.27', '2015-08-20 16:05:50', '192.168.5.27', '', '55bf1082af74b', '', '00122', '2015-08-20 06:51:48', '00122', '2015-08-20 16:05:50', 0),
('55d516af5fb30', '00156', '2015-08-20', '2015-08-20 06:52:16', '192.168.5.22', '2015-08-20 16:43:41', '192.168.5.22', '', '55bf1082af74b', '', '00156', '2015-08-20 06:52:16', '00156', '2015-08-20 16:43:41', 0),
('55d516e6cbf0e', '00017', '2015-08-20', '2015-08-20 06:53:17', '192.168.5.42', '0000-00-00 00:00:00', '', '', '55c483de2c235', '', '00017', '2015-08-20 06:53:17', '', '0000-00-00 00:00:00', 0),
('55d51746d58fb', '00051', '2015-08-20', '2015-08-20 06:54:50', '192.168.5.24', '0000-00-00 00:00:00', '', '', '55bf1082af74b', '', '00051', '2015-08-20 06:54:50', '', '0000-00-00 00:00:00', 0),
('55d517865ebc1', '00067', '2015-08-20', '2015-08-20 06:55:52', '192.168.5.19', '2015-08-20 16:02:16', '192.168.5.19', '', '55bf1082af74b', '', '00067', '2015-08-20 06:55:52', '00067', '2015-08-20 16:02:16', 0),
('55d517f0a82db', '00104', '2015-08-20', '2015-08-20 06:57:37', '192.168.5.14', '2015-08-20 16:09:14', '192.168.5.14', '', '55bf1082af74b', '', '00104', '2015-08-20 06:57:37', '00104', '2015-08-20 16:09:14', 0),
('55d51848967b9', '00081', '2015-08-20', '2015-08-20 06:59:06', '192.168.5.16', '2015-08-20 16:13:59', '192.168.5.16', '', '55bf1082af74b', '', '00081', '2015-08-20 06:59:06', '00081', '2015-08-20 16:13:59', 0),
('55d5184dddcee', '00155', '2015-08-20', '2015-08-20 06:59:11', '192.168.5.28', '2015-08-20 16:06:30', '192.168.5.28', '', '55bf1082af74b', '', '00155', '2015-08-20 06:59:11', '00155', '2015-08-20 16:06:30', 0),
('55d5185f2a1e9', '00103', '2015-08-20', '2015-08-20 06:59:28', '192.168.5.18', '2015-08-20 16:02:34', '192.168.5.18', '', '55bf1082af74b', '', '00103', '2015-08-20 06:59:28', '00103', '2015-08-20 16:02:34', 0),
('55d5187e3e707', '00120', '2015-08-20', '2015-08-20 06:59:59', '192.168.5.12', '2015-08-20 16:35:03', '192.168.5.12', '', '55bf1082af74b', '', '00120', '2015-08-20 06:59:59', '00120', '2015-08-20 16:35:03', 0),
('55d518968dd3e', '00121', '2015-08-20', '2015-08-20 07:00:24', '192.168.5.31', '2015-08-20 16:02:27', '192.168.5.31', '', '55bf108f52d8a', '', '00121', '2015-08-20 07:00:24', '00121', '2015-08-20 16:02:27', 0),
('55d518a57bb59', '00158', '2015-08-20', '2015-08-20 07:00:39', '192.168.5.17', '2015-08-20 16:03:24', '192.168.5.17', '', '55bf1082af74b', '', '00158', '2015-08-20 07:00:39', '00158', '2015-08-20 16:03:24', 0),
('55d51aa00e91e', '00133', '2015-08-20', '2015-08-20 07:09:05', '192.168.5.71', '0000-00-00 00:00:00', '', '', '55bf108f52d8a', '', '00133', '2015-08-20 07:09:05', '', '0000-00-00 00:00:00', 0),
('55d51c627daff', '00018', '2015-08-20', '2015-08-20 07:16:36', '192.168.5.35', '0000-00-00 00:00:00', '', '', '55bf108f52d8a', '', '00018', '2015-08-20 07:16:36', '', '0000-00-00 00:00:00', 0),
('55d51d5273cf8', '00101', '2015-08-20', '2015-08-20 07:20:35', '192.168.5.51', '2015-08-20 13:57:57', '192.168.5.51', '', '55bf108f52d8a', '', '00101', '2015-08-20 07:20:35', '00101', '2015-08-20 13:57:57', 0),
('55d51f704eeb2', '00009', '2015-08-20', '2015-08-20 07:29:39', '192.168.5.43', '0000-00-00 00:00:00', '', '', '55bf108f52d8a', '', '00009', '2015-08-20 07:29:39', '', '0000-00-00 00:00:00', 0),
('55d521d8add63', '00024', '2015-08-20', '2015-08-20 07:39:58', '192.168.5.45', '0000-00-00 00:00:00', '', '', '55bf108f52d8a', '', '00024', '2015-08-20 07:39:58', '', '0000-00-00 00:00:00', 0),
('55d522029b9ef', '00159', '2015-08-20', '2015-08-20 07:40:36', '192.168.5.33', '0000-00-00 00:00:00', '', '', '55bf108f52d8a', '', '00159', '2015-08-20 07:40:36', '', '0000-00-00 00:00:00', 0),
('55d5223bc5293', '00125', '2015-08-20', '2015-08-20 07:41:32', '192.168.5.64', '0000-00-00 00:00:00', '', '', '55bf108f52d8a', '', '00125', '2015-08-20 07:41:32', '', '0000-00-00 00:00:00', 0),
('55d52252df9c4', '00124', '2015-08-20', '2015-08-20 07:41:57', '192.168.5.63', '0000-00-00 00:00:00', '', '', '55bf108f52d8a', '', '00124', '2015-08-20 07:41:57', '', '0000-00-00 00:00:00', 0),
('55d52396e8125', '00072', '2015-08-20', '2015-08-20 07:47:30', '192.168.5.54', '2015-08-20 17:05:14', '192.168.5.54', '', '55bf108f52d8a', '', '00072', '2015-08-20 07:47:30', '00072', '2015-08-20 17:05:14', 0),
('55d5255179141', '00157', '2015-08-20', '2015-08-20 07:54:44', '192.168.5.53', '0000-00-00 00:00:00', '', '', '55bf108f52d8a', '', '00157', '2015-08-20 07:54:44', '', '0000-00-00 00:00:00', 0),
('55d526003f4ac', '00128', '2015-08-20', '2015-08-20 07:57:37', '192.168.5.44', '0000-00-00 00:00:00', '', '', '55bf108f52d8a', '', '00128', '2015-08-20 07:57:37', '', '0000-00-00 00:00:00', 0),
('55d526d87d673', '00065', '2015-08-20', '2015-08-20 08:01:13', '192.168.5.65', '0000-00-00 00:00:00', '', '', '55bf108f52d8a', '', '00065', '2015-08-20 08:01:13', '', '0000-00-00 00:00:00', 0),
('55d5284875c97', '00066', '2015-08-20', '2015-08-20 08:07:22', '192.168.5.41', '0000-00-00 00:00:00', '', '', '55bf108f52d8a', '', '00066', '2015-08-20 08:07:23', '', '0000-00-00 00:00:00', 0),
('55d5292f457e1', '00079', '2015-08-20', '2015-08-20 08:11:12', '192.168.5.61', '0000-00-00 00:00:00', '', '', '55bf108f52d8a', '', '00079', '2015-08-20 08:11:12', '', '0000-00-00 00:00:00', 0),
('55d5311eb832a', '00135', '2015-08-20', '2015-08-20 08:45:04', '192.168.5.13', '2015-08-20 16:02:45', '192.168.5.13', '', '55bf1082af74b', '', '00135', '2015-08-20 08:45:04', '00135', '2015-08-20 16:02:45', 0);

-- --------------------------------------------------------

--
-- Table structure for table `t_user_setting`
--

CREATE TABLE IF NOT EXISTS `t_user_setting` (
  `id` varchar(20) NOT NULL,
  `uid` varchar(20) NOT NULL,
  `work_shift_id` varchar(20) NOT NULL,
  `is_edit` tinyint(1) NOT NULL,
  `is_leader` varchar(5) NOT NULL COMMENT '0=false,1=ture',
  `admin` tinyint(1) NOT NULL COMMENT '0=false,1=ture',
  `create_user` varchar(20) NOT NULL,
  `create_date` datetime NOT NULL,
  PRIMARY KEY (`id`)
) ENGINE=InnoDB DEFAULT CHARSET=utf8;

--
-- Dumping data for table `t_user_setting`
--

INSERT INTO `t_user_setting` (`id`, `uid`, `work_shift_id`, `is_edit`, `is_leader`, `admin`, `create_user`, `create_date`) VALUES
('54eef3c6816cc', '00001', '55c483de2c235', 0, 'All', 1, '00072', '2015-02-26 17:21:58'),
('54efd1a2876a5', '00002', '55c483de2c235', 0, '0', 0, '00072', '2015-02-27 09:08:34'),
('54efd1a876487', '00017', '55c483de2c235', 0, '0', 0, '00072', '2015-02-27 09:08:40'),
('54efd3ca5f926', '00018', '55bf108f52d8a', 0, 'FP', 0, '00072', '2015-02-27 09:17:46'),
('54efd4135c450', '00072', '55bf108f52d8a', 1, 'FP', 1, '00072', '2015-02-27 09:18:59'),
('54efd8e8a74b8', '00019', '55bf1082af74b', 0, '0', 0, '00072', '2015-02-27 09:39:36'),
('54efd93fde5d8', '00006', '55c483de2c235', 0, 'All', 1, '00072', '2015-02-27 09:41:03'),
('54efd95030466', '00007', '55bf108f52d8a', 0, '0', 0, '00072', '2015-02-27 09:41:20'),
('54efd96da784f', '00120', '55bf1082af74b', 0, '0', 0, '00072', '2015-02-27 09:41:49'),
('54efd97047350', '00122', '55bf1082af74b', 0, '0', 0, '00072', '2015-02-27 09:41:52'),
('54efd9a720454', '00115', '', 0, '0', 0, '00072', '2015-02-27 09:42:47'),
('54efd9af396b6', '00103', '55bf1082af74b', 0, '0', 0, '00072', '2015-02-27 09:42:55'),
('54efd9b6b0988', '00048', '', 0, '0', 0, '00072', '2015-02-27 09:43:02'),
('54efd9c0c43be', '00099', '', 0, '0', 0, '00072', '2015-02-27 09:43:12'),
('54efd9ca68a97', '00105', '', 0, '0', 0, '00072', '2015-02-27 09:43:22'),
('54efd9d952df5', '00111', '', 0, '0', 0, '00072', '2015-02-27 09:43:37'),
('54efd9e3495cc', '00114', '', 0, '0', 0, '00072', '2015-02-27 09:43:47'),
('54efd9ed04d30', '00126', '', 0, '0', 0, '00072', '2015-02-27 09:43:57'),
('54efd9f410a07', '00024', '55bf108f52d8a', 0, '0', 0, '00072', '2015-02-27 09:44:04'),
('54efda0100193', '00132', '55bf1082af74b', 0, '0', 0, '00072', '2015-02-27 09:44:16'),
('54efda0a10d45', '00135', '55bf1082af74b', 0, '0', 0, '00072', '2015-02-27 09:44:26'),
('54efda248db29', '00134', '', 0, '0', 0, '00072', '2015-02-27 09:44:52'),
('54efda478befc', '00104', '55bf1082af74b', 0, '0', 0, '00072', '2015-02-27 09:45:27'),
('54efda52553d3', '00123', '55bf1082af74b', 0, '0', 0, '00072', '2015-02-27 09:45:38'),
('54efda69ef9ce', '00093', '', 0, '0', 0, '00072', '2015-02-27 09:46:01'),
('54efda768df6c', '00067', '55bf1082af74b', 0, '0', 0, '00072', '2015-02-27 09:46:14'),
('54efda78dc113', '00133', '55bf108f52d8a', 0, '0', 1, '00072', '2015-02-27 09:46:16'),
('54efda8347a22', '00039', '', 0, '0', 0, '00072', '2015-02-27 09:46:27'),
('54efda8fe5ecb', '00038', '', 0, '0', 0, '00072', '2015-02-27 09:46:39'),
('54efdaab72935', '00094', '', 0, '0', 0, '00072', '2015-02-27 09:47:07'),
('54efdab52c720', '00012', '55bf1082af74b', 0, 'PE', 0, '00072', '2015-02-27 09:47:17'),
('54efdac063250', '00127', '', 0, '0', 0, '00072', '2015-02-27 09:47:28'),
('54efdac5bcfea', '00118', '', 0, '0', 0, '00072', '2015-02-27 09:47:33'),
('54efdaccd83bb', '00021', '55bf1082af74b', 0, '0', 0, '00072', '2015-02-27 09:47:40'),
('54efdad90f62e', '00097', '', 0, '0', 0, '00072', '2015-02-27 09:47:53'),
('54efdaea8c38e', '00015', '', 0, '0', 0, '00072', '2015-02-27 09:48:10'),
('54efdaeb7e760', '00051', '55bf1082af74b', 0, '0', 0, '00072', '2015-02-27 09:48:11'),
('54efdafe63523', '00081', '55bf1082af74b', 0, '0', 0, '00072', '2015-02-27 09:48:30'),
('54efdb0417093', '00042', '', 0, '0', 0, '00072', '2015-02-27 09:48:36'),
('54efdb0ae9e56', '00117', '', 0, '0', 0, '00072', '2015-02-27 09:48:42'),
('54efdb1380875', '00046', '', 0, '0', 0, '00072', '2015-02-27 09:48:51'),
('54efdb2621cf6', '00074', '55c483de2c235', 0, 'All', 1, '00072', '2015-02-27 09:49:10'),
('54f011f03d464', '00101', '55bf108f52d8a', 0, '0', 1, '00072', '2015-02-27 13:42:56'),
('54f80122ef4f8', '00055', '', 0, '0', 0, '00072', '2015-03-05 14:09:22'),
('54febad221b23', '00034', '', 0, '0', 0, '00072', '2015-03-10 16:35:14'),
('54febaefea8fd', '00023', '55bf108f52d8a', 0, '0', 1, '00072', '2015-03-10 16:35:43'),
('5511131be70da', '00141', '', 0, '0', 0, '00072', '2015-03-24 14:32:43'),
('551bae5178aa5', '00142', '', 0, '0', 0, '00034', '2015-04-01 15:37:37'),
('551bae54825d2', '00143', '', 0, '0', 0, '00034', '2015-04-01 15:37:40'),
('551bae5557c6d', '00144', '', 0, '0', 0, '00034', '2015-04-01 15:37:41'),
('551bae56c749d', '00145', '', 0, '0', 0, '00034', '2015-04-01 15:37:42'),
('551bae578a561', '00146', '', 0, '0', 0, '00034', '2015-04-01 15:37:43'),
('551bae584c257', '00147', '', 0, '0', 0, '00034', '2015-04-01 15:37:44'),
('552dc576e6ea2', '00148', '', 0, '0', 0, '00034', '2015-04-15 08:57:10'),
('5559ac2d4b393', '00150', '55bf1082af74b', 0, '0', 0, '00072', '2015-05-18 16:09:01'),
('555aa3a38c706', '00151', '', 0, '0', 0, '00034', '2015-05-19 09:44:51'),
('5588e31d4e222', '00138', '55bf108f52d8a', 0, '0', 0, '00072', '2015-06-23 11:39:57'),
('55b89837a0d7c', '00155', '55bf1082af74b', 0, '0', 0, '00072', '2015-07-29 16:09:11'),
('55b8984459e9f', '00154', '55bf1082af74b', 0, '0', 0, '00072', '2015-07-29 16:09:24'),
('55b8984da43ef', '00156', '55bf1082af74b', 0, '0', 0, '00072', '2015-07-29 16:09:33'),
('55c2d04d975a6', '00003', '55c483de2c235', 0, '0', 1, '', '2015-08-06 10:11:09'),
('55c2d05431d1c', '00005', '55bf108f52d8a', 0, '0', 0, '', '2015-08-06 10:11:16'),
('55c2d0c8df8a5', '00009', '55bf108f52d8a', 0, '0', 0, '', '2015-08-06 10:13:12'),
('55c2d0f6ad173', '00065', '55bf108f52d8a', 0, '0', 0, '', '2015-08-06 10:13:58'),
('55c2d1104dcc6', '00077', '55bf108f52d8a', 0, '0', 0, '', '2015-08-06 10:14:24'),
('55c2d1131e628', '00079', '55bf108f52d8a', 0, '0', 0, '', '2015-08-06 10:14:27'),
('55c2d1190ee2b', '00082', '55bf108f52d8a', 0, '0', 0, '', '2015-08-06 10:14:33'),
('55c2d123bf61b', '00083', '55bf108f52d8a', 0, '0', 0, '', '2015-08-06 10:14:43'),
('55c2d127e3cc9', '00090', '55bf108f52d8a', 0, '0', 0, '', '2015-08-06 10:14:47'),
('55c2d13a3db52', '00109', '55bf108f52d8a', 0, '0', 0, '', '2015-08-06 10:15:06'),
('55c2d13f5b03c', '00121', '55bf108f52d8a', 0, '0', 0, '', '2015-08-06 10:15:11'),
('55c2d142d8199', '00124', '55bf108f52d8a', 0, '0', 0, '', '2015-08-06 10:15:14'),
('55c2d1458bef8', '00125', '55bf108f52d8a', 0, '0', 0, '', '2015-08-06 10:15:17'),
('55c2d14772b6e', '00128', '55bf108f52d8a', 0, '0', 0, '', '2015-08-06 10:15:19'),
('55c2d15b923b8', '00149', '55bf108f52d8a', 0, '0', 0, '', '2015-08-06 10:15:39'),
('55c2d16a8e096', '00157', '55bf108f52d8a', 0, '0', 1, '', '2015-08-06 10:15:54'),
('55c807852753f', '00066', '55bf108f52d8a', 0, '0', 0, '', '2015-08-10 09:08:05'),
('55c807d2ee56a', '00136', '55bf1082af74b', 0, '0', 0, '', '2015-08-10 09:09:22'),
('55d287fc814d4', '00158', '55bf1082af74b', 0, '', 0, '', '2015-08-18 08:18:52'),
('55d28827d7bcc', '00159', '55bf108f52d8a', 0, '', 0, '', '2015-08-18 08:19:35'),
('55d3df5adba25', '00160', '55bf108f52d8a', 0, '', 0, '', '2015-08-19 08:43:54'),
('55d3df643baa5', '00137', '55bf108f52d8a', 0, '', 0, '', '2015-08-19 08:44:04');

-- --------------------------------------------------------

--
-- Table structure for table `t_work_shift`
--

CREATE TABLE IF NOT EXISTS `t_work_shift` (
  `work_shift_id` varchar(20) NOT NULL,
  `work_shift_start` varchar(10) NOT NULL,
  `work_shift_stop` varchar(10) NOT NULL,
  `create_uid` varchar(20) NOT NULL,
  `create_date` datetime NOT NULL,
  `update_uid` varchar(20) NOT NULL,
  `update_date` datetime NOT NULL,
  PRIMARY KEY (`work_shift_id`)
) ENGINE=InnoDB DEFAULT CHARSET=utf8;

--
-- Dumping data for table `t_work_shift`
--

INSERT INTO `t_work_shift` (`work_shift_id`, `work_shift_start`, `work_shift_stop`, `create_uid`, `create_date`, `update_uid`, `update_date`) VALUES
('55bf1082af74b', '07:00', '16:00', '00072', '2015-08-03 13:56:02', '', '0000-00-00 00:00:00'),
('55bf108f52d8a', '08:00', '17:00', '00072', '2015-08-03 13:56:15', '', '0000-00-00 00:00:00'),
('55bf109f713b8', '06:00', '15:00', '00072', '2015-08-03 13:56:31', '', '0000-00-00 00:00:00'),
('55c2d06fbee29', '09:00', '18:00', '', '2015-08-06 10:11:43', '', '2015-08-06 10:12:52'),
('55c2d07f8de7c', '09:30', '18:30', '', '2015-08-06 10:11:59', '', '2015-08-06 10:12:57'),
('55c2d0a9bef25', '08:30', '17:30', '', '2015-08-06 10:12:41', '', '0000-00-00 00:00:00'),
('55c483de2c235', 'none', '', '00072', '2015-08-07 17:09:34', '00072', '2015-08-10 10:57:55'),
('55c871499df11', '14:00', '22:00', '00072', '2015-08-10 16:39:21', '', '0000-00-00 00:00:00'),
('55c94bea93fbe', '09:00', '16:00', '00072', '2015-08-11 08:12:10', '', '0000-00-00 00:00:00'),
('55d2bd2d79d5f', '15:00', '23:00', '00072', '2015-08-18 12:05:49', '', '0000-00-00 00:00:00');

/*!40101 SET CHARACTER_SET_CLIENT=@OLD_CHARACTER_SET_CLIENT */;
/*!40101 SET CHARACTER_SET_RESULTS=@OLD_CHARACTER_SET_RESULTS */;
/*!40101 SET COLLATION_CONNECTION=@OLD_COLLATION_CONNECTION */;
